/*
SQLyog Professional v12.5.1 (64 bit)
MySQL - 10.5.15-MariaDB-cll-lve : Database - u1062728_patrol
*********************************************************************
*/

/*!40101 SET NAMES utf8 */;

/*!40101 SET SQL_MODE=''*/;

/*!40014 SET @OLD_UNIQUE_CHECKS=@@UNIQUE_CHECKS, UNIQUE_CHECKS=0 */;
/*!40014 SET @OLD_FOREIGN_KEY_CHECKS=@@FOREIGN_KEY_CHECKS, FOREIGN_KEY_CHECKS=0 */;
/*!40101 SET @OLD_SQL_MODE=@@SQL_MODE, SQL_MODE='NO_AUTO_VALUE_ON_ZERO' */;
/*!40111 SET @OLD_SQL_NOTES=@@SQL_NOTES, SQL_NOTES=0 */;
CREATE DATABASE /*!32312 IF NOT EXISTS*/`u1062728_patrol` /*!40100 DEFAULT CHARACTER SET latin1 */;

USE `u1062728_patrol`;

/*Table structure for table `admisecsg_tr_details` */

DROP TABLE IF EXISTS `admisecsg_tr_details`;

CREATE TABLE `admisecsg_tr_details` (
  `id` bigint(20) NOT NULL,
  `tr_dpg_headers_id` bigint(20) DEFAULT NULL,
  `ms_ckp_id` bigint(20) NOT NULL,
  `rfid_is_matched` tinyint(1) NOT NULL,
  `ms_objects_id` bigint(20) NOT NULL,
  `conditions` tinyint(1) DEFAULT NULL,
  `event` bigint(20) DEFAULT NULL,
  `description` varchar(255) DEFAULT NULL,
  `image_1` varchar(255) DEFAULT NULL,
  `image_2` varchar(255) DEFAULT NULL,
  `image_3` varchar(255) DEFAULT NULL,
  `is_laporan_kejadian` tinyint(1) DEFAULT NULL,
  `laporkan_pic` tinyint(1) DEFAULT NULL,
  `is_tindakan_cepat` tinyint(1) DEFAULT NULL,
  `note_tindakan_cepat` varchar(255) DEFAULT NULL,
  `status` tinyint(1) NOT NULL,
  `created_at` bigint(20) NOT NULL,
  `created_by` datetime NOT NULL,
  `updated_at` bigint(20) DEFAULT NULL,
  `updated_by` datetime DEFAULT NULL,
  PRIMARY KEY (`id`)
) ENGINE=InnoDB DEFAULT CHARSET=latin1;

/*Data for the table `admisecsg_tr_details` */

/*Table structure for table `admisecsgp_mstckp` */

DROP TABLE IF EXISTS `admisecsgp_mstckp`;

CREATE TABLE `admisecsgp_mstckp` (
  `id` bigint(10) NOT NULL AUTO_INCREMENT,
  `check_no` varchar(100) NOT NULL,
  `check_name` varchar(150) NOT NULL,
  `durasi` int(10) NOT NULL,
  `admisecsgp_mstzone_id` bigint(10) NOT NULL,
  `others` text DEFAULT NULL,
  `status` tinyint(1) NOT NULL,
  `created_at` datetime NOT NULL,
  `created_by` bigint(10) NOT NULL,
  `updated_at` datetime DEFAULT NULL,
  `updated_by` bigint(10) DEFAULT NULL,
  PRIMARY KEY (`id`),
  KEY `admisecsgp_mstzone_id` (`admisecsgp_mstzone_id`),
  KEY `admisecsgp_mstusr_id` (`created_by`),
  KEY `admisecsgp_mstusr_id_1` (`updated_by`),
  CONSTRAINT `FK_admisecsgp_mstckp` FOREIGN KEY (`admisecsgp_mstzone_id`) REFERENCES `admisecsgp_mstzone` (`id`),
  CONSTRAINT `FK_created_by` FOREIGN KEY (`created_by`) REFERENCES `admisecsgp_mstusr` (`id`),
  CONSTRAINT `FK_update_by` FOREIGN KEY (`updated_by`) REFERENCES `admisecsgp_mstusr` (`id`)
) ENGINE=InnoDB AUTO_INCREMENT=144 DEFAULT CHARSET=utf8mb4;

/*Data for the table `admisecsgp_mstckp` */

insert  into `admisecsgp_mstckp`(`id`,`check_no`,`check_name`,`durasi`,`admisecsgp_mstzone_id`,`others`,`status`,`created_at`,`created_by`,`updated_at`,`updated_by`) values 
(104,'0','CRITICAL AREA_SUBSTATION PRESS',0,55,NULL,1,'2022-07-05 14:01:26',10,NULL,NULL),
(105,'0','CRITICAL AREA_SUBSTATION WELDING',0,55,NULL,1,'2022-07-05 14:01:26',10,NULL,NULL),
(106,'0','CRITICAL AREA_POM MINI QUALITY / AUDIT',0,55,NULL,1,'2022-07-05 14:01:26',10,NULL,NULL),
(107,'0','CRITICAL AREA_SUBSTATION ASSY',0,55,NULL,1,'2022-07-05 14:01:26',10,NULL,NULL),
(108,'0','CRITICAL AREA_PERTAMAX',0,55,NULL,1,'2022-07-05 14:01:26',10,NULL,NULL),
(109,'0','CRITICAL AREA_SUBSTATION RND / GARDU PLN',0,55,NULL,1,'2022-07-05 14:01:26',10,NULL,NULL),
(110,'0','CRITICAL AREA_COOLING TOWER  RND',0,55,NULL,1,'2022-07-05 14:01:26',10,NULL,NULL),
(111,'0','CRITICAL AREA_SOLAR / GENSET',0,55,NULL,1,'2022-07-05 14:01:26',10,NULL,NULL),
(112,'0','CRITICAL AREA_SAMATOR / TPS',0,55,NULL,1,'2022-07-05 14:01:26',10,NULL,NULL),
(113,'2817214131','FACTORY_PRESS UTARA',20,48,'',1,'2022-07-05 14:01:26',10,'2022-07-06 09:45:10',1),
(114,'2817401427','FACTORY_PRESS SELATAN',0,48,'',1,'2022-07-05 14:01:26',10,'2022-07-06 08:16:44',1),
(115,'0','FACTORY_ WELDING OFFICE CKD',0,48,NULL,1,'2022-07-05 14:01:26',10,NULL,NULL),
(116,'0','FACTORY_ASSEMBLING OFFICE LOG',0,48,NULL,1,'2022-07-05 14:01:26',10,NULL,NULL),
(117,'0','FACTORY_ASSEMBLING BENCHTRY',0,48,NULL,1,'2022-07-05 14:01:26',10,NULL,NULL),
(118,'2817214131','OFFICE_CENTRAL OFFICE LANTAI 1',0,50,'',1,'2022-07-05 14:01:26',10,'2022-07-11 10:14:19',1),
(119,'2817214131','OFFICE_CENTRAL OFFICE LANTAI 2',0,50,'',1,'2022-07-05 14:01:26',10,'2022-07-11 10:14:36',1),
(120,'2817214131','OFFICE_RND ENGINEERING',0,50,'',1,'2022-07-05 14:01:26',10,'2022-07-11 10:14:47',1),
(121,'2817214131','OFFICE_RND DESIGN',0,50,'',1,'2022-07-05 14:01:26',10,'2022-07-11 10:14:57',1),
(122,'0','PARIMETER_POS 3',0,51,NULL,1,'2022-07-05 14:01:26',10,NULL,NULL),
(123,'0','PARIMETER_POS 2',0,51,NULL,1,'2022-07-05 14:01:26',10,NULL,NULL),
(124,'0','PARIMETER_POS 1',0,51,NULL,1,'2022-07-05 14:01:26',10,NULL,NULL),
(125,'0','PARIMETER_PADDOCK',0,51,NULL,1,'2022-07-05 14:01:26',10,NULL,NULL),
(126,'0','PARIMETER_MENARA 2',0,51,NULL,1,'2022-07-05 14:01:26',10,NULL,NULL),
(127,'0','PARIMETER_PERBATASAN AI / SOIL ROAD',0,51,NULL,1,'2022-07-05 14:01:26',10,NULL,NULL),
(128,'0','PARIMETER_JALAN BARU',0,51,NULL,1,'2022-07-05 14:01:26',10,NULL,NULL),
(129,'0','FASUM_LOKER KARYAWAN',0,54,NULL,1,'2022-07-05 14:01:26',10,NULL,NULL),
(130,'0','FASUM_KLINIK, FM, KANTIN, & REST AREA',0,54,NULL,1,'2022-07-05 14:01:26',10,NULL,NULL),
(131,'0','FASUM_AREA PARKIRAN KR2 & KR4',0,54,NULL,1,'2022-07-05 14:01:26',10,NULL,NULL),
(132,'1212','FASUM_KEC',0,54,'',0,'2022-07-05 14:01:26',10,'2022-07-26 14:44:09',1),
(143,'232','GEDUNG A',10,72,'',1,'2022-07-18 08:10:27',1,NULL,NULL);

/*Table structure for table `admisecsgp_mstcmp` */

DROP TABLE IF EXISTS `admisecsgp_mstcmp`;

CREATE TABLE `admisecsgp_mstcmp` (
  `id` bigint(10) NOT NULL AUTO_INCREMENT,
  `comp_name` varchar(30) NOT NULL,
  `address1` varchar(100) NOT NULL,
  `address2` varchar(100) DEFAULT NULL,
  `address3` varchar(100) DEFAULT NULL,
  `comp_phone` varchar(50) NOT NULL,
  `others` varchar(100) DEFAULT NULL,
  `status` tinyint(1) NOT NULL,
  `created_at` datetime NOT NULL,
  `created_by` bigint(10) NOT NULL,
  `updated_at` datetime DEFAULT NULL,
  `updated_by` bigint(10) DEFAULT NULL,
  PRIMARY KEY (`id`),
  KEY `FK_created` (`created_by`),
  KEY `FK_updated` (`updated_by`),
  CONSTRAINT `FK_created` FOREIGN KEY (`created_by`) REFERENCES `admisecsgp_mstusr` (`id`),
  CONSTRAINT `FK_updated` FOREIGN KEY (`updated_by`) REFERENCES `admisecsgp_mstusr` (`id`)
) ENGINE=InnoDB AUTO_INCREMENT=22 DEFAULT CHARSET=utf8mb4;

/*Data for the table `admisecsgp_mstcmp` */

insert  into `admisecsgp_mstcmp`(`id`,`comp_name`,`address1`,`address2`,`address3`,`comp_phone`,`others`,`status`,`created_at`,`created_by`,`updated_at`,`updated_by`) values 
(12,'PT ASTRA DAIHATSU MOTOR','Jl Raya Danau Sunter',NULL,NULL,'(021 8989)',NULL,1,'2022-03-21 13:35:41',1,'2022-03-28 10:15:27',1);

/*Table structure for table `admisecsgp_mstevent` */

DROP TABLE IF EXISTS `admisecsgp_mstevent`;

CREATE TABLE `admisecsgp_mstevent` (
  `id` bigint(11) NOT NULL AUTO_INCREMENT,
  `event_name` varchar(100) NOT NULL,
  `created_at` datetime NOT NULL,
  `created_by` bigint(10) NOT NULL,
  `updated_at` datetime DEFAULT NULL,
  `updated_by` bigint(10) DEFAULT NULL,
  `status` tinyint(1) NOT NULL,
  PRIMARY KEY (`id`),
  KEY `FK_admisecsgp_mstevent` (`created_by`),
  KEY `FK_admisecsgp_mstevent1` (`updated_by`),
  CONSTRAINT `FK_admisecsgp_mstevent` FOREIGN KEY (`created_by`) REFERENCES `admisecsgp_mstusr` (`id`),
  CONSTRAINT `FK_admisecsgp_mstevent1` FOREIGN KEY (`updated_by`) REFERENCES `admisecsgp_mstusr` (`id`)
) ENGINE=InnoDB AUTO_INCREMENT=42 DEFAULT CHARSET=latin1;

/*Data for the table `admisecsgp_mstevent` */

insert  into `admisecsgp_mstevent`(`id`,`event_name`,`created_at`,`created_by`,`updated_at`,`updated_by`,`status`) values 
(31,'NORMAL','2022-07-05 14:08:22',10,NULL,NULL,1),
(32,'ADA','2022-07-05 14:08:54',10,NULL,NULL,1),
(33,'ABNORMAL','2022-07-05 14:09:05',10,NULL,NULL,1),
(34,'TIDAK ADA','2022-07-05 14:09:13',10,'2022-07-05 14:09:22',10,1),
(35,'ON','2022-07-05 14:09:31',10,NULL,NULL,1),
(36,'OFF','2022-07-05 14:09:39',10,NULL,NULL,1),
(37,'TERKUNCI','2022-07-05 14:09:46',10,NULL,NULL,1),
(38,'TIDAK TERKUNCI','2022-07-05 14:09:55',10,NULL,NULL,1),
(39,'LENGKAP','2022-07-05 14:10:11',10,NULL,NULL,1),
(40,'TIDAK LENGKAP','2022-07-05 14:10:19',10,NULL,NULL,1),
(41,'LAINNYA','2022-07-05 14:10:49',10,NULL,NULL,1);

/*Table structure for table `admisecsgp_msteventdtls` */

DROP TABLE IF EXISTS `admisecsgp_msteventdtls`;

CREATE TABLE `admisecsgp_msteventdtls` (
  `id` bigint(11) NOT NULL AUTO_INCREMENT,
  `admisecsgp_mstobj_id` bigint(20) DEFAULT NULL,
  `admisecsgp_mstevent_id` bigint(20) DEFAULT NULL,
  `created_at` datetime DEFAULT NULL,
  `created_by` bigint(11) DEFAULT NULL,
  `updated_at` datetime DEFAULT NULL,
  `updated_by` bigint(11) DEFAULT NULL,
  `status` tinyint(1) DEFAULT NULL,
  PRIMARY KEY (`id`),
  KEY `event_id` (`admisecsgp_mstevent_id`),
  KEY `objek_id` (`admisecsgp_mstobj_id`),
  KEY `user_id_update` (`updated_by`),
  KEY `user_id_created` (`created_at`),
  KEY `FK_user_create` (`created_by`),
  CONSTRAINT `FK_admisecgsgp_event_id` FOREIGN KEY (`admisecsgp_mstevent_id`) REFERENCES `admisecsgp_mstevent` (`id`),
  CONSTRAINT `FK_admisecsgp_mstobjek` FOREIGN KEY (`admisecsgp_mstobj_id`) REFERENCES `admisecsgp_mstobj` (`id`),
  CONSTRAINT `FK_user_create` FOREIGN KEY (`created_by`) REFERENCES `admisecsgp_mstusr` (`id`)
) ENGINE=InnoDB AUTO_INCREMENT=5431 DEFAULT CHARSET=latin1;

/*Data for the table `admisecsgp_msteventdtls` */

insert  into `admisecsgp_msteventdtls`(`id`,`admisecsgp_mstobj_id`,`admisecsgp_mstevent_id`,`created_at`,`created_by`,`updated_at`,`updated_by`,`status`) values 
(5154,74,33,'2022-07-18 08:30:58',1,NULL,NULL,1),
(5155,74,41,'2022-07-18 08:30:58',1,NULL,NULL,1),
(5156,75,34,'2022-07-18 08:30:58',1,NULL,NULL,1),
(5157,75,41,'2022-07-18 08:30:58',1,NULL,NULL,1),
(5158,76,40,'2022-07-18 08:30:58',1,NULL,NULL,1),
(5159,76,41,'2022-07-18 08:30:58',1,NULL,NULL,1),
(5160,77,40,'2022-07-18 08:30:58',1,NULL,NULL,1),
(5161,77,41,'2022-07-18 08:30:58',1,NULL,NULL,1),
(5162,78,34,'2022-07-18 08:30:58',1,NULL,NULL,1),
(5163,78,41,'2022-07-18 08:30:58',1,NULL,NULL,1),
(5164,81,40,'2022-07-18 08:30:58',1,NULL,NULL,1),
(5165,81,41,'2022-07-18 08:30:58',1,NULL,NULL,1),
(5166,80,34,'2022-07-18 08:30:58',1,NULL,NULL,1),
(5167,80,41,'2022-07-18 08:30:58',1,NULL,NULL,1),
(5168,79,33,'2022-07-18 08:30:58',1,NULL,NULL,1),
(5169,79,41,'2022-07-18 08:30:58',1,NULL,NULL,1),
(5170,85,33,'2022-07-18 08:30:58',1,NULL,NULL,1),
(5171,83,40,'2022-07-18 08:30:58',1,NULL,NULL,1),
(5172,83,41,'2022-07-18 08:30:58',1,NULL,NULL,1),
(5173,84,34,'2022-07-18 08:30:58',1,NULL,NULL,1),
(5174,84,41,'2022-07-18 08:30:58',1,NULL,NULL,1),
(5175,86,40,'2022-07-18 08:30:58',1,NULL,NULL,1),
(5176,86,41,'2022-07-18 08:30:58',1,NULL,NULL,1),
(5177,87,34,'2022-07-18 08:30:58',1,NULL,NULL,1),
(5178,87,41,'2022-07-18 08:30:58',1,NULL,NULL,1),
(5179,82,33,'2022-07-18 08:30:58',1,NULL,NULL,1),
(5180,82,41,'2022-07-18 08:30:58',1,NULL,NULL,1),
(5181,92,34,'2022-07-18 08:30:58',1,NULL,NULL,1),
(5182,92,41,'2022-07-18 08:30:58',1,NULL,NULL,1),
(5183,85,41,'2022-07-18 08:30:58',1,NULL,NULL,1),
(5184,95,41,'2022-07-18 08:30:58',1,NULL,NULL,1),
(5185,93,33,'2022-07-18 08:30:58',1,NULL,NULL,1),
(5186,93,41,'2022-07-18 08:30:58',1,NULL,NULL,1),
(5187,91,40,'2022-07-18 08:30:58',1,NULL,NULL,1),
(5188,91,41,'2022-07-18 08:30:58',1,NULL,NULL,1),
(5189,94,34,'2022-07-18 08:30:58',1,NULL,NULL,1),
(5190,94,41,'2022-07-18 08:30:58',1,NULL,NULL,1),
(5191,97,33,'2022-07-18 08:30:58',1,NULL,NULL,1),
(5192,97,41,'2022-07-18 08:30:58',1,NULL,NULL,1),
(5193,98,40,'2022-07-18 08:30:58',1,NULL,NULL,1),
(5194,98,41,'2022-07-18 08:30:58',1,NULL,NULL,1),
(5195,104,37,'2022-07-18 08:30:58',1,NULL,NULL,1),
(5196,99,34,'2022-07-18 08:30:58',1,NULL,NULL,1),
(5197,99,41,'2022-07-18 08:30:58',1,NULL,NULL,1),
(5198,102,40,'2022-07-18 08:30:58',1,NULL,NULL,1),
(5199,102,41,'2022-07-18 08:30:58',1,NULL,NULL,1),
(5200,215,36,'2022-07-18 08:30:58',1,NULL,NULL,1),
(5201,215,41,'2022-07-18 08:30:58',1,NULL,NULL,1),
(5202,104,38,'2022-07-18 08:30:58',1,NULL,NULL,1),
(5203,104,41,'2022-07-18 08:30:58',1,NULL,NULL,1),
(5204,110,37,'2022-07-18 08:30:58',1,NULL,NULL,1),
(5205,105,34,'2022-07-18 08:30:58',1,NULL,NULL,1),
(5206,105,41,'2022-07-18 08:30:58',1,NULL,NULL,1),
(5207,106,40,'2022-07-18 08:30:58',1,NULL,NULL,1),
(5208,106,41,'2022-07-18 08:30:58',1,NULL,NULL,1),
(5209,107,33,'2022-07-18 08:30:58',1,NULL,NULL,1),
(5210,107,41,'2022-07-18 08:30:58',1,NULL,NULL,1),
(5211,108,34,'2022-07-18 08:30:58',1,NULL,NULL,1),
(5212,108,41,'2022-07-18 08:30:58',1,NULL,NULL,1),
(5213,109,36,'2022-07-18 08:30:58',1,NULL,NULL,1),
(5214,109,41,'2022-07-18 08:30:58',1,NULL,NULL,1),
(5215,110,38,'2022-07-18 08:30:58',1,NULL,NULL,1),
(5216,110,41,'2022-07-18 08:30:58',1,NULL,NULL,1),
(5217,116,37,'2022-07-18 08:30:58',1,NULL,NULL,1),
(5218,111,34,'2022-07-18 08:30:58',1,NULL,NULL,1),
(5219,111,41,'2022-07-18 08:30:58',1,NULL,NULL,1),
(5220,112,40,'2022-07-18 08:30:58',1,NULL,NULL,1),
(5221,112,41,'2022-07-18 08:30:58',1,NULL,NULL,1),
(5222,113,33,'2022-07-18 08:30:58',1,NULL,NULL,1),
(5223,113,41,'2022-07-18 08:30:58',1,NULL,NULL,1),
(5224,114,34,'2022-07-18 08:30:58',1,NULL,NULL,1),
(5225,114,41,'2022-07-18 08:30:58',1,NULL,NULL,1),
(5226,115,36,'2022-07-18 08:30:58',1,NULL,NULL,1),
(5227,115,41,'2022-07-18 08:30:58',1,NULL,NULL,1),
(5228,116,38,'2022-07-18 08:30:58',1,NULL,NULL,1),
(5229,116,41,'2022-07-18 08:30:58',1,NULL,NULL,1),
(5230,122,37,'2022-07-18 08:30:58',1,NULL,NULL,1),
(5231,117,34,'2022-07-18 08:30:58',1,NULL,NULL,1),
(5232,117,41,'2022-07-18 08:30:58',1,NULL,NULL,1),
(5233,118,40,'2022-07-18 08:30:58',1,NULL,NULL,1),
(5234,118,41,'2022-07-18 08:30:58',1,NULL,NULL,1),
(5235,119,33,'2022-07-18 08:30:58',1,NULL,NULL,1),
(5236,119,41,'2022-07-18 08:30:58',1,NULL,NULL,1),
(5237,120,34,'2022-07-18 08:30:58',1,NULL,NULL,1),
(5238,120,41,'2022-07-18 08:30:58',1,NULL,NULL,1),
(5239,121,36,'2022-07-18 08:30:58',1,NULL,NULL,1),
(5240,121,41,'2022-07-18 08:30:58',1,NULL,NULL,1),
(5241,122,38,'2022-07-18 08:30:58',1,NULL,NULL,1),
(5242,122,41,'2022-07-18 08:30:58',1,NULL,NULL,1),
(5243,128,37,'2022-07-18 08:30:58',1,NULL,NULL,1),
(5244,124,40,'2022-07-18 08:30:58',1,NULL,NULL,1),
(5245,124,41,'2022-07-18 08:30:58',1,NULL,NULL,1),
(5246,123,34,'2022-07-18 08:30:58',1,NULL,NULL,1),
(5247,123,41,'2022-07-18 08:30:58',1,NULL,NULL,1),
(5248,128,38,'2022-07-18 08:30:58',1,NULL,NULL,1),
(5249,128,41,'2022-07-18 08:30:58',1,NULL,NULL,1),
(5250,131,37,'2022-07-18 08:30:58',1,NULL,NULL,1),
(5251,127,36,'2022-07-18 08:30:58',1,NULL,NULL,1),
(5252,127,41,'2022-07-18 08:30:58',1,NULL,NULL,1),
(5253,125,33,'2022-07-18 08:30:58',1,NULL,NULL,1),
(5254,125,41,'2022-07-18 08:30:58',1,NULL,NULL,1),
(5255,130,34,'2022-07-18 08:30:58',1,NULL,NULL,1),
(5256,130,41,'2022-07-18 08:30:58',1,NULL,NULL,1),
(5257,131,38,'2022-07-18 08:30:58',1,NULL,NULL,1),
(5258,131,41,'2022-07-18 08:30:58',1,NULL,NULL,1),
(5259,136,37,'2022-07-18 08:30:58',1,NULL,NULL,1),
(5260,132,36,'2022-07-18 08:30:58',1,NULL,NULL,1),
(5261,132,41,'2022-07-18 08:30:58',1,NULL,NULL,1),
(5262,134,33,'2022-07-18 08:30:58',1,NULL,NULL,1),
(5263,134,41,'2022-07-18 08:30:58',1,NULL,NULL,1),
(5264,135,34,'2022-07-18 08:30:58',1,NULL,NULL,1),
(5265,135,41,'2022-07-18 08:30:58',1,NULL,NULL,1),
(5266,140,41,'2022-07-18 08:30:58',1,NULL,NULL,1),
(5267,133,33,'2022-07-18 08:30:58',1,NULL,NULL,1),
(5268,133,41,'2022-07-18 08:30:58',1,NULL,NULL,1),
(5269,136,38,'2022-07-18 08:30:58',1,NULL,NULL,1),
(5270,136,41,'2022-07-18 08:30:58',1,NULL,NULL,1),
(5271,142,37,'2022-07-18 08:30:58',1,NULL,NULL,1),
(5272,137,36,'2022-07-18 08:30:58',1,NULL,NULL,1),
(5273,137,41,'2022-07-18 08:30:58',1,NULL,NULL,1),
(5274,138,33,'2022-07-18 08:30:58',1,NULL,NULL,1),
(5275,138,41,'2022-07-18 08:30:58',1,NULL,NULL,1),
(5276,139,34,'2022-07-18 08:30:58',1,NULL,NULL,1),
(5277,139,41,'2022-07-18 08:30:58',1,NULL,NULL,1),
(5278,142,38,'2022-07-18 08:30:58',1,NULL,NULL,1),
(5279,142,41,'2022-07-18 08:30:58',1,NULL,NULL,1),
(5280,146,37,'2022-07-18 08:30:58',1,NULL,NULL,1),
(5281,141,33,'2022-07-18 08:30:58',1,NULL,NULL,1),
(5282,141,41,'2022-07-18 08:30:58',1,NULL,NULL,1),
(5283,143,36,'2022-07-18 08:30:58',1,NULL,NULL,1),
(5284,143,41,'2022-07-18 08:30:58',1,NULL,NULL,1),
(5285,144,33,'2022-07-18 08:30:58',1,NULL,NULL,1),
(5286,144,41,'2022-07-18 08:30:58',1,NULL,NULL,1),
(5287,145,34,'2022-07-18 08:30:58',1,NULL,NULL,1),
(5288,145,41,'2022-07-18 08:30:58',1,NULL,NULL,1),
(5289,148,36,'2022-07-18 08:30:58',1,NULL,NULL,1),
(5290,148,41,'2022-07-18 08:30:58',1,NULL,NULL,1),
(5291,151,33,'2022-07-18 08:30:58',1,NULL,NULL,1),
(5292,151,41,'2022-07-18 08:30:58',1,NULL,NULL,1),
(5293,152,33,'2022-07-18 08:30:58',1,NULL,NULL,1),
(5294,152,41,'2022-07-18 08:30:58',1,NULL,NULL,1),
(5295,153,36,'2022-07-18 08:30:58',1,NULL,NULL,1),
(5296,153,41,'2022-07-18 08:30:58',1,NULL,NULL,1),
(5297,154,33,'2022-07-18 08:30:58',1,NULL,NULL,1),
(5298,154,41,'2022-07-18 08:30:58',1,NULL,NULL,1),
(5299,155,33,'2022-07-18 08:30:58',1,NULL,NULL,1),
(5300,155,41,'2022-07-18 08:30:58',1,NULL,NULL,1),
(5301,156,34,'2022-07-18 08:30:58',1,NULL,NULL,1),
(5302,156,41,'2022-07-18 08:30:58',1,NULL,NULL,1),
(5303,157,33,'2022-07-18 08:30:58',1,NULL,NULL,1),
(5304,157,41,'2022-07-18 08:30:58',1,NULL,NULL,1),
(5305,158,33,'2022-07-18 08:30:58',1,NULL,NULL,1),
(5306,158,41,'2022-07-18 08:30:58',1,NULL,NULL,1),
(5307,159,36,'2022-07-18 08:30:58',1,NULL,NULL,1),
(5308,159,41,'2022-07-18 08:30:58',1,NULL,NULL,1),
(5309,160,33,'2022-07-18 08:30:58',1,NULL,NULL,1),
(5310,160,41,'2022-07-18 08:30:58',1,NULL,NULL,1),
(5311,161,33,'2022-07-18 08:30:58',1,NULL,NULL,1),
(5312,161,41,'2022-07-18 08:30:58',1,NULL,NULL,1),
(5313,162,34,'2022-07-18 08:30:58',1,NULL,NULL,1),
(5314,162,41,'2022-07-18 08:30:58',1,NULL,NULL,1),
(5315,129,40,'2022-07-18 08:30:58',1,NULL,NULL,1),
(5316,129,41,'2022-07-18 08:30:58',1,NULL,NULL,1),
(5317,163,33,'2022-07-18 08:30:58',1,NULL,NULL,1),
(5318,163,41,'2022-07-18 08:30:58',1,NULL,NULL,1),
(5319,164,33,'2022-07-18 08:30:58',1,NULL,NULL,1),
(5320,164,41,'2022-07-18 08:30:58',1,NULL,NULL,1),
(5321,165,36,'2022-07-18 08:30:58',1,NULL,NULL,1),
(5322,165,41,'2022-07-18 08:30:58',1,NULL,NULL,1),
(5323,166,33,'2022-07-18 08:30:58',1,NULL,NULL,1),
(5324,166,41,'2022-07-18 08:30:58',1,NULL,NULL,1),
(5325,168,34,'2022-07-18 08:30:58',1,NULL,NULL,1),
(5326,168,41,'2022-07-18 08:30:58',1,NULL,NULL,1),
(5327,150,34,'2022-07-18 08:30:58',1,NULL,NULL,1),
(5328,150,41,'2022-07-18 08:30:58',1,NULL,NULL,1),
(5329,169,40,'2022-07-18 08:30:58',1,NULL,NULL,1),
(5330,169,41,'2022-07-18 08:30:58',1,NULL,NULL,1),
(5331,171,33,'2022-07-18 08:30:58',1,NULL,NULL,1),
(5332,171,41,'2022-07-18 08:30:58',1,NULL,NULL,1),
(5333,172,36,'2022-07-18 08:30:58',1,NULL,NULL,1),
(5334,172,41,'2022-07-18 08:30:58',1,NULL,NULL,1),
(5335,173,33,'2022-07-18 08:30:58',1,NULL,NULL,1),
(5336,173,41,'2022-07-18 08:30:58',1,NULL,NULL,1),
(5337,178,33,'2022-07-18 08:30:58',1,NULL,NULL,1),
(5338,178,41,'2022-07-18 08:30:58',1,NULL,NULL,1),
(5339,179,36,'2022-07-18 08:30:58',1,NULL,NULL,1),
(5340,179,41,'2022-07-18 08:30:58',1,NULL,NULL,1),
(5341,180,33,'2022-07-18 08:30:58',1,NULL,NULL,1),
(5342,180,41,'2022-07-18 08:30:58',1,NULL,NULL,1),
(5343,181,33,'2022-07-18 08:30:58',1,NULL,NULL,1),
(5344,181,41,'2022-07-18 08:30:58',1,NULL,NULL,1),
(5345,182,36,'2022-07-18 08:30:58',1,NULL,NULL,1),
(5346,182,41,'2022-07-18 08:30:58',1,NULL,NULL,1),
(5347,183,33,'2022-07-18 08:30:58',1,NULL,NULL,1),
(5348,183,41,'2022-07-18 08:30:58',1,NULL,NULL,1),
(5349,167,33,'2022-07-18 08:30:58',1,NULL,NULL,1),
(5350,167,41,'2022-07-18 08:30:58',1,NULL,NULL,1),
(5351,185,36,'2022-07-18 08:30:58',1,NULL,NULL,1),
(5352,185,41,'2022-07-18 08:30:58',1,NULL,NULL,1),
(5353,147,33,'2022-07-18 08:30:58',1,NULL,NULL,1),
(5354,147,41,'2022-07-18 08:30:58',1,NULL,NULL,1),
(5355,175,34,'2022-07-18 08:30:58',1,NULL,NULL,1),
(5356,175,41,'2022-07-18 08:30:58',1,NULL,NULL,1),
(5357,176,40,'2022-07-18 08:30:58',1,NULL,NULL,1),
(5358,176,41,'2022-07-18 08:30:58',1,NULL,NULL,1),
(5359,188,36,'2022-07-18 08:30:58',1,NULL,NULL,1),
(5360,188,41,'2022-07-18 08:30:58',1,NULL,NULL,1),
(5361,189,33,'2022-07-18 08:30:58',1,NULL,NULL,1),
(5362,189,41,'2022-07-18 08:30:58',1,NULL,NULL,1),
(5363,190,34,'2022-07-18 08:30:58',1,NULL,NULL,1),
(5364,190,41,'2022-07-18 08:30:58',1,NULL,NULL,1),
(5365,191,40,'2022-07-18 08:30:58',1,NULL,NULL,1),
(5366,191,41,'2022-07-18 08:30:58',1,NULL,NULL,1),
(5367,194,36,'2022-07-18 08:30:58',1,NULL,NULL,1),
(5368,194,41,'2022-07-18 08:30:58',1,NULL,NULL,1),
(5369,195,33,'2022-07-18 08:30:58',1,NULL,NULL,1),
(5370,195,41,'2022-07-18 08:30:58',1,NULL,NULL,1),
(5371,196,34,'2022-07-18 08:30:58',1,NULL,NULL,1),
(5372,196,41,'2022-07-18 08:30:58',1,NULL,NULL,1),
(5373,197,40,'2022-07-18 08:30:58',1,NULL,NULL,1),
(5374,197,41,'2022-07-18 08:30:58',1,NULL,NULL,1),
(5375,177,33,'2022-07-18 08:30:58',1,NULL,NULL,1),
(5376,177,41,'2022-07-18 08:30:58',1,NULL,NULL,1),
(5377,198,36,'2022-07-18 08:30:58',1,NULL,NULL,1),
(5378,198,41,'2022-07-18 08:30:58',1,NULL,NULL,1),
(5379,200,34,'2022-07-18 08:30:58',1,NULL,NULL,1),
(5380,200,41,'2022-07-18 08:30:58',1,NULL,NULL,1),
(5381,201,40,'2022-07-18 08:30:58',1,NULL,NULL,1),
(5382,201,41,'2022-07-18 08:30:58',1,NULL,NULL,1),
(5383,149,33,'2022-07-18 08:30:58',1,NULL,NULL,1),
(5384,149,41,'2022-07-18 08:30:58',1,NULL,NULL,1),
(5385,204,34,'2022-07-18 08:30:58',1,NULL,NULL,1),
(5386,204,41,'2022-07-18 08:30:58',1,NULL,NULL,1),
(5387,95,33,'2022-07-18 08:30:58',1,NULL,NULL,1),
(5388,174,34,'2022-07-18 08:30:58',1,NULL,NULL,1),
(5389,174,41,'2022-07-18 08:30:58',1,NULL,NULL,1),
(5390,101,33,'2022-07-18 08:30:58',1,NULL,NULL,1),
(5391,101,41,'2022-07-18 08:30:58',1,NULL,NULL,1),
(5392,146,38,'2022-07-18 08:30:58',1,NULL,NULL,1),
(5393,146,41,'2022-07-18 08:30:58',1,NULL,NULL,1),
(5394,88,33,'2022-07-18 08:30:58',1,NULL,NULL,1),
(5395,88,41,'2022-07-18 08:30:58',1,NULL,NULL,1),
(5396,100,33,'2022-07-18 08:30:58',1,NULL,NULL,1),
(5397,100,41,'2022-07-18 08:30:58',1,NULL,NULL,1),
(5398,170,33,'2022-07-18 08:30:58',1,NULL,NULL,1),
(5399,170,41,'2022-07-18 08:30:58',1,NULL,NULL,1),
(5400,96,33,'2022-07-18 08:30:58',1,NULL,NULL,1),
(5401,96,41,'2022-07-18 08:30:58',1,NULL,NULL,1),
(5402,186,33,'2022-07-18 08:30:58',1,NULL,NULL,1),
(5403,186,41,'2022-07-18 08:30:58',1,NULL,NULL,1),
(5404,90,33,'2022-07-18 08:30:58',1,NULL,NULL,1),
(5405,90,41,'2022-07-18 08:30:58',1,NULL,NULL,1),
(5406,205,40,'2022-07-18 08:30:58',1,NULL,NULL,1),
(5407,205,41,'2022-07-18 08:30:58',1,NULL,NULL,1),
(5408,193,33,'2022-07-18 08:30:58',1,NULL,NULL,1),
(5409,193,41,'2022-07-18 08:30:58',1,NULL,NULL,1),
(5410,202,33,'2022-07-18 08:30:58',1,NULL,NULL,1),
(5411,202,41,'2022-07-18 08:30:58',1,NULL,NULL,1),
(5414,89,33,'2022-07-18 08:30:58',1,NULL,NULL,1),
(5417,126,41,'2022-07-18 08:30:58',1,NULL,NULL,1),
(5418,184,33,'2022-07-18 08:30:58',1,NULL,NULL,1),
(5419,184,41,'2022-07-18 08:30:58',1,NULL,NULL,1),
(5420,187,33,'2022-07-18 08:30:58',1,NULL,NULL,1),
(5421,187,41,'2022-07-18 08:30:58',1,NULL,NULL,1),
(5422,199,33,'2022-07-18 08:30:58',1,NULL,NULL,1),
(5423,199,41,'2022-07-18 08:30:58',1,NULL,NULL,1),
(5424,203,36,'2022-07-18 08:30:58',1,NULL,NULL,1),
(5425,203,41,'2022-07-18 08:30:58',1,NULL,NULL,1);

/*Table structure for table `admisecsgp_mstjadwalpatroli` */

DROP TABLE IF EXISTS `admisecsgp_mstjadwalpatroli`;

CREATE TABLE `admisecsgp_mstjadwalpatroli` (
  `id` bigint(11) NOT NULL AUTO_INCREMENT,
  `bulan` varchar(12) NOT NULL,
  `tahun` varchar(10) NOT NULL,
  `admisecsgp_mstusr_id` bigint(11) NOT NULL,
  `admisecsgp_mstplant_id` bigint(11) NOT NULL,
  `tanggal_1` varchar(5) NOT NULL,
  `tanggal_2` varchar(5) NOT NULL,
  `tanggal_3` varchar(5) NOT NULL,
  `tanggal_4` varchar(5) NOT NULL,
  `tanggal_5` varchar(5) NOT NULL,
  `tanggal_6` varchar(5) NOT NULL,
  `tanggal_7` varchar(5) NOT NULL,
  `tanggal_8` varchar(5) NOT NULL,
  `tanggal_9` varchar(5) NOT NULL,
  `tanggal_10` varchar(5) NOT NULL,
  `tanggal_11` varchar(5) NOT NULL,
  `tanggal_12` varchar(5) NOT NULL,
  `tanggal_13` varchar(5) NOT NULL,
  `tanggal_14` varchar(5) NOT NULL,
  `tanggal_15` varchar(5) NOT NULL,
  `tanggal_16` varchar(5) NOT NULL,
  `tanggal_17` varchar(5) NOT NULL,
  `tanggal_18` varchar(5) NOT NULL,
  `tanggal_19` varchar(5) NOT NULL,
  `tanggal_20` varchar(5) NOT NULL,
  `tanggal_21` varchar(5) NOT NULL,
  `tanggal_22` varchar(5) NOT NULL,
  `tanggal_23` varchar(5) NOT NULL,
  `tanggal_24` varchar(5) NOT NULL,
  `tanggal_25` varchar(5) NOT NULL,
  `tanggal_26` varchar(5) NOT NULL,
  `tanggal_27` varchar(5) NOT NULL,
  `tanggal_28` varchar(5) NOT NULL,
  `tanggal_29` varchar(5) NOT NULL,
  `tanggal_30` varchar(5) NOT NULL,
  `tanggal_31` varchar(5) NOT NULL,
  `status` tinyint(1) NOT NULL,
  `created_at` datetime NOT NULL,
  `created_by` int(11) NOT NULL,
  `updated_at` datetime DEFAULT NULL,
  `updated_by` int(11) DEFAULT NULL,
  PRIMARY KEY (`id`),
  KEY `admisecsgp_mstusr_id` (`admisecsgp_mstusr_id`),
  KEY `admisecsgp_mstplant_id` (`admisecsgp_mstplant_id`),
  CONSTRAINT `FK_plant_id` FOREIGN KEY (`admisecsgp_mstplant_id`) REFERENCES `admisecsgp_mstplant` (`id`),
  CONSTRAINT `FK_user_id` FOREIGN KEY (`admisecsgp_mstusr_id`) REFERENCES `admisecsgp_mstusr` (`id`)
) ENGINE=InnoDB AUTO_INCREMENT=146 DEFAULT CHARSET=latin1;

/*Data for the table `admisecsgp_mstjadwalpatroli` */

insert  into `admisecsgp_mstjadwalpatroli`(`id`,`bulan`,`tahun`,`admisecsgp_mstusr_id`,`admisecsgp_mstplant_id`,`tanggal_1`,`tanggal_2`,`tanggal_3`,`tanggal_4`,`tanggal_5`,`tanggal_6`,`tanggal_7`,`tanggal_8`,`tanggal_9`,`tanggal_10`,`tanggal_11`,`tanggal_12`,`tanggal_13`,`tanggal_14`,`tanggal_15`,`tanggal_16`,`tanggal_17`,`tanggal_18`,`tanggal_19`,`tanggal_20`,`tanggal_21`,`tanggal_22`,`tanggal_23`,`tanggal_24`,`tanggal_25`,`tanggal_26`,`tanggal_27`,`tanggal_28`,`tanggal_29`,`tanggal_30`,`tanggal_31`,`status`,`created_at`,`created_by`,`updated_at`,`updated_by`) values 
(130,'JULI','2022',19,42,'1','LIBUR','2','LIBUR','1','LIBUR','2','LIBUR','1','LIBUR','2','LIBUR','1','LIBUR','2','LIBUR','1','LIBUR','2','LIBUR','1','LIBUR','LIBUR','1','LIBUR','2','LIBUR','1','1','LIBUR','2',1,'2022-07-05 16:53:45',1,NULL,NULL),
(131,'JULI','2022',20,42,'2','LIBUR','1','LIBUR','2','LIBUR','1','LIBUR','2','LIBUR','1','LIBUR','2','LIBUR','1','LIBUR','2','LIBUR','1','LIBUR','2','LIBUR','LIBUR','2','LIBUR','1','LIBUR','2','2','LIBUR','1',1,'2022-07-05 16:53:45',1,NULL,NULL),
(132,'JULI','2022',21,42,'LIBUR','1','LIBUR','2','LIBUR','1','LIBUR','2','LIBUR','1','LIBUR','2','LIBUR','1','LIBUR','2','LIBUR','1','LIBUR','2','LIBUR','1','2','LIBUR','1','LIBUR','2','LIBUR','LIBUR','1','LIBUR',1,'2022-07-05 16:53:45',1,'2022-07-08 15:22:40',1),
(133,'JULI','2022',22,42,'LIBUR','2','LIBUR','1','LIBUR','2','LIBUR','1','LIBUR','2','LIBUR','1','LIBUR','2','LIBUR','1','LIBUR','2','LIBUR','1','LIBUR','2','1','LIBUR','2','LIBUR','1','LIBUR','LIBUR','2','LIBUR',1,'2022-07-05 16:53:45',1,NULL,NULL),
(138,'JULI','2022',26,43,'1','LIBUR','2','LIBUR','1','LIBUR','2','LIBUR','1','LIBUR','2','LIBUR','1','LIBUR','2','LIBUR','1','LIBUR','2','LIBUR','1','LIBUR','LIBUR','1','LIBUR','2','LIBUR','1','1','LIBUR','2',1,'2022-07-08 17:24:04',9,NULL,NULL),
(139,'JULI','2022',27,43,'2','LIBUR','1','LIBUR','2','LIBUR','1','LIBUR','2','LIBUR','1','LIBUR','2','LIBUR','1','LIBUR','2','LIBUR','1','LIBUR','2','LIBUR','LIBUR','2','LIBUR','1','LIBUR','2','2','LIBUR','1',1,'2022-07-08 17:24:04',9,NULL,NULL),
(140,'JULI','2022',28,43,'LIBUR','1','LIBUR','2','LIBUR','1','LIBUR','2','LIBUR','1','LIBUR','2','LIBUR','1','LIBUR','2','LIBUR','1','LIBUR','2','LIBUR','1','2','LIBUR','1','LIBUR','2','LIBUR','LIBUR','1','LIBUR',1,'2022-07-08 17:24:04',9,NULL,NULL),
(141,'JULI','2022',29,43,'LIBUR','2','LIBUR','1','LIBUR','2','LIBUR','1','LIBUR','2','LIBUR','1','LIBUR','2','LIBUR','1','LIBUR','2','LIBUR','1','LIBUR','2','1','LIBUR','2','LIBUR','1','LIBUR','LIBUR','2','LIBUR',1,'2022-07-08 17:24:05',9,NULL,NULL),
(142,'AGUSTUS','2022',26,43,'1','LIBUR','2','LIBUR','1','LIBUR','2','LIBUR','1','LIBUR','2','LIBUR','1','LIBUR','2','LIBUR','1','LIBUR','2','LIBUR','1','LIBUR','LIBUR','1','LIBUR','2','LIBUR','1','1','LIBUR','2',1,'2022-07-08 18:17:04',1,NULL,NULL),
(143,'AGUSTUS','2022',27,43,'2','LIBUR','1','LIBUR','2','LIBUR','1','LIBUR','2','LIBUR','1','LIBUR','2','LIBUR','1','LIBUR','2','LIBUR','1','LIBUR','2','LIBUR','LIBUR','2','LIBUR','1','LIBUR','2','2','LIBUR','1',1,'2022-07-08 18:17:04',1,NULL,NULL),
(144,'AGUSTUS','2022',28,43,'LIBUR','1','LIBUR','2','LIBUR','1','LIBUR','2','LIBUR','1','LIBUR','2','LIBUR','1','LIBUR','2','LIBUR','1','LIBUR','2','LIBUR','1','2','LIBUR','1','LIBUR','2','LIBUR','LIBUR','1','LIBUR',1,'2022-07-08 18:17:04',1,NULL,NULL),
(145,'AGUSTUS','2022',29,43,'LIBUR','2','LIBUR','1','LIBUR','2','LIBUR','1','LIBUR','2','LIBUR','1','LIBUR','2','LIBUR','1','LIBUR','2','LIBUR','1','LIBUR','2','1','LIBUR','2','LIBUR','1','LIBUR','LIBUR','2','LIBUR',1,'2022-07-08 18:17:05',1,NULL,NULL);

/*Table structure for table `admisecsgp_mstkobj` */

DROP TABLE IF EXISTS `admisecsgp_mstkobj`;

CREATE TABLE `admisecsgp_mstkobj` (
  `id` bigint(10) NOT NULL AUTO_INCREMENT,
  `admisecsgp_mstzone_id` bigint(11) NOT NULL,
  `kategori_name` varchar(60) NOT NULL,
  `others` varchar(255) DEFAULT NULL,
  `status` tinyint(1) NOT NULL,
  `created_at` datetime NOT NULL,
  `created_by` bigint(10) NOT NULL,
  `updated_at` datetime DEFAULT NULL,
  `updated_by` bigint(10) DEFAULT NULL,
  PRIMARY KEY (`id`),
  KEY `FK_admisecsgp_mstusr` (`created_by`),
  KEY `FK_admisecsgp_mstusr_` (`updated_by`),
  KEY `FK_admisecsgp_mstzone_` (`admisecsgp_mstzone_id`),
  CONSTRAINT `FK_admisecsgp_mstusr_1` FOREIGN KEY (`created_by`) REFERENCES `admisecsgp_mstusr` (`id`),
  CONSTRAINT `FK_admisecsgp_mstusr_2_` FOREIGN KEY (`updated_by`) REFERENCES `admisecsgp_mstusr` (`id`),
  CONSTRAINT `FK_admisecsgp_mstzone_id2` FOREIGN KEY (`admisecsgp_mstzone_id`) REFERENCES `admisecsgp_mstzone` (`id`)
) ENGINE=InnoDB AUTO_INCREMENT=82 DEFAULT CHARSET=utf8mb4;

/*Data for the table `admisecsgp_mstkobj` */

insert  into `admisecsgp_mstkobj`(`id`,`admisecsgp_mstzone_id`,`kategori_name`,`others`,`status`,`created_at`,`created_by`,`updated_at`,`updated_by`) values 
(37,55,'GAS STATION ','',1,'2022-07-05 11:05:13',10,NULL,NULL),
(38,55,'APAR','',1,'2022-07-05 11:48:05',10,NULL,NULL),
(39,55,'HYDRANT','',1,'2022-07-05 11:48:21',10,NULL,NULL),
(40,55,'BBM','',1,'2022-07-05 11:48:51',10,NULL,NULL),
(41,55,'GARDU PLN ','',1,'2022-07-05 11:51:21',10,NULL,NULL),
(42,55,'TANGKI NITROGEN','',1,'2022-07-05 11:51:57',10,NULL,NULL),
(43,55,'GENSET','',1,'2022-07-05 11:52:08',10,NULL,NULL),
(44,55,'GROUND TANK / AIR BERSIH ','',1,'2022-07-05 11:52:35',10,NULL,NULL),
(45,55,'COOLING TOWER','',1,'2022-07-05 11:52:50',10,NULL,NULL),
(46,48,'PANEL LISTRIK','',1,'2022-07-05 11:54:08',10,NULL,NULL),
(47,48,'MESIN PRODUKSI','',1,'2022-07-05 11:54:44',10,NULL,NULL),
(49,48,'DOOR','',1,'2022-07-05 11:56:38',10,NULL,NULL),
(50,48,'LAMPU','',1,'2022-07-05 11:57:58',10,NULL,NULL),
(51,48,'APAR','',1,'2022-07-05 11:58:25',10,NULL,NULL),
(52,48,'HYDRANT','',1,'2022-07-05 11:59:22',10,NULL,NULL),
(53,50,'DOOR','',1,'2022-07-05 12:56:45',10,NULL,NULL),
(54,50,'LAMPU','',1,'2022-07-05 12:56:59',10,NULL,NULL),
(55,50,'PANEL LISTRIK','',1,'2022-07-05 12:57:17',10,NULL,NULL),
(56,50,'AC ','',1,'2022-07-05 12:57:32',10,NULL,NULL),
(57,50,'APAR','',1,'2022-07-05 12:57:47',10,NULL,NULL),
(58,51,'GATE','',1,'2022-07-05 13:19:33',10,NULL,NULL),
(59,51,'PAGAR','',1,'2022-07-05 13:19:44',10,NULL,NULL),
(60,51,'LAMPU','',1,'2022-07-05 13:19:58',10,NULL,NULL),
(61,51,'GORONG - GORONG','',1,'2022-07-05 13:20:24',10,NULL,NULL),
(62,51,'RAM PEMBATAS','',1,'2022-07-05 13:20:35',10,NULL,NULL),
(63,51,'CCTV','',1,'2022-07-05 13:20:45',10,NULL,NULL),
(64,51,'HYDRANT ','',1,'2022-07-05 13:21:05',10,NULL,NULL),
(65,51,'TURNSTILE','',1,'2022-07-05 13:22:26',10,NULL,NULL),
(66,51,'PARKING SYSTEM ','',1,'2022-07-05 13:22:37',10,NULL,NULL),
(67,51,'POMPA BANJIR ','',1,'2022-07-05 13:22:50',10,NULL,NULL),
(68,54,'LAMPU','',1,'2022-07-05 13:26:26',10,NULL,NULL),
(69,54,'PANEL LISTRIK','',1,'2022-07-05 13:26:42',10,NULL,NULL),
(70,54,'APAR','',1,'2022-07-05 13:26:54',10,NULL,NULL),
(71,54,'HYDRANT ','',1,'2022-07-05 13:27:05',10,NULL,NULL),
(72,54,'PARKING SYSTEM ','',1,'2022-07-05 13:27:18',10,NULL,NULL),
(73,54,'TURNSTILE','',1,'2022-07-05 13:27:28',10,NULL,NULL),
(74,54,'LOKER','',1,'2022-07-05 13:27:39',10,NULL,NULL),
(75,51,'APAR','',1,'2022-07-05 13:55:34',10,NULL,NULL),
(76,50,'HYDRANT','',1,'2022-07-05 14:03:37',10,NULL,NULL),
(81,72,'LAMPU','',1,'2022-07-18 08:10:52',1,NULL,NULL);

/*Table structure for table `admisecsgp_mstobj` */

DROP TABLE IF EXISTS `admisecsgp_mstobj`;

CREATE TABLE `admisecsgp_mstobj` (
  `id` bigint(10) NOT NULL AUTO_INCREMENT,
  `nama_objek` varchar(255) NOT NULL,
  `admisecsgp_mstkobj_id` bigint(10) DEFAULT NULL,
  `admisecsgp_mstckp_id` bigint(10) NOT NULL,
  `others` varchar(100) DEFAULT NULL,
  `status` tinyint(1) NOT NULL,
  `created_at` datetime NOT NULL,
  `created_by` bigint(10) NOT NULL,
  `updated_at` datetime DEFAULT NULL,
  `updated_by` bigint(10) DEFAULT NULL,
  PRIMARY KEY (`id`),
  KEY `admisecsgp_mstkobj_id` (`admisecsgp_mstckp_id`),
  KEY `FK_admisecsgp_mstkobj` (`admisecsgp_mstkobj_id`),
  KEY `FK_admisecsgp_mstusr` (`created_by`),
  KEY `FK_admisecsgp_mstusr_` (`updated_by`),
  CONSTRAINT `FK_admisecsgp_mstkobj` FOREIGN KEY (`admisecsgp_mstkobj_id`) REFERENCES `admisecsgp_mstkobj` (`id`),
  CONSTRAINT `FK_admisecsgp_mstobj` FOREIGN KEY (`admisecsgp_mstckp_id`) REFERENCES `admisecsgp_mstckp` (`id`),
  CONSTRAINT `FK_admisecsgp_mstusr1` FOREIGN KEY (`created_by`) REFERENCES `admisecsgp_mstusr` (`id`),
  CONSTRAINT `FK_admisecsgp_mstusr2` FOREIGN KEY (`updated_by`) REFERENCES `admisecsgp_mstusr` (`id`)
) ENGINE=InnoDB AUTO_INCREMENT=216 DEFAULT CHARSET=latin1;

/*Data for the table `admisecsgp_mstobj` */

insert  into `admisecsgp_mstobj`(`id`,`nama_objek`,`admisecsgp_mstkobj_id`,`admisecsgp_mstckp_id`,`others`,`status`,`created_at`,`created_by`,`updated_at`,`updated_by`) values 
(74,'GAS STATION AREA SUB PRESS',37,104,NULL,1,'2022-07-05 14:05:23',10,NULL,NULL),
(75,'APAR AREA SUBSTATION PRESS (DEKAT PINTU PAGAR BRC) ',38,104,NULL,1,'2022-07-05 14:05:23',10,NULL,NULL),
(76,'HYDRANT NO. 07 & 08 SUBSTATION PRESS',39,104,NULL,1,'2022-07-05 14:05:23',10,NULL,NULL),
(77,'HYDRANT NO. 09 ( WALKWAY ) SUBSTATION WELDING ',39,105,NULL,1,'2022-07-05 14:05:23',10,NULL,NULL),
(78,'APAR AREA SUBSTATION WELDING (DEKAT PINTU PAGAR BRC) ',38,105,NULL,1,'2022-07-05 14:05:23',10,NULL,NULL),
(79,'BBM POM MINI QUALITY ',40,106,NULL,1,'2022-07-05 14:05:23',10,NULL,NULL),
(80,'APAR AREA SEBELAH BARAT LAUT POM MINI QUALITY',38,106,NULL,1,'2022-07-05 14:05:23',10,NULL,NULL),
(81,'HYDRANT AREA SEBELAH BARAT LAUT POM MINI QUALITY',39,106,NULL,1,'2022-07-05 14:05:23',10,NULL,NULL),
(82,'COOLING TOWER SEBELAH UTARA SUB ASSY',45,107,NULL,1,'2022-07-05 14:05:23',10,NULL,NULL),
(83,'HYDRANT NO. 25 SUBSTATION ASSY',39,107,NULL,1,'2022-07-05 14:05:23',10,NULL,NULL),
(84,'APAR AREA SEBELAH KIRI PINTU PAGAR SUBSTATION ASSY',38,107,NULL,1,'2022-07-05 14:05:23',10,NULL,NULL),
(85,'BBM AREA PERTAMAX',40,108,NULL,1,'2022-07-05 14:05:23',10,NULL,NULL),
(86,'WALKWAY SEBERANG JALAN (HYDRANT NO.25)',39,108,NULL,1,'2022-07-05 14:05:23',10,NULL,NULL),
(87,'APAR AREA PERTAMAX (DEKAT PINTU PAGAR BRC) ',38,108,NULL,1,'2022-07-05 14:05:23',10,NULL,NULL),
(88,'AREA GARDU PLN',41,109,NULL,1,'2022-07-05 14:05:23',10,NULL,NULL),
(89,'TANGKI NITROGEN SEBELAH UTARA GARDU PLN',42,109,NULL,1,'2022-07-05 14:05:23',10,NULL,NULL),
(90,'GROUND TANK SEBELAH UTARA GARDU PLN',44,109,NULL,1,'2022-07-05 14:05:23',10,NULL,NULL),
(91,'HYDRANT SEBELAH BARAT  GARDU PLN',39,109,NULL,1,'2022-07-05 14:05:23',10,NULL,NULL),
(92,'APAR SUBSTATION RND (DEKAT PINTU PAGAR BRC) ',38,109,NULL,1,'2022-07-05 14:05:23',10,NULL,NULL),
(93,'COOLING TOWER  RND',45,110,NULL,1,'2022-07-05 14:05:23',10,NULL,NULL),
(94,'APAR PINTU SAMPING GEDUNG ENGINEERING',38,110,NULL,1,'2022-07-05 14:05:23',10,NULL,NULL),
(95,'BBM SOLAR',40,111,NULL,1,'2022-07-05 14:05:23',10,NULL,NULL),
(96,'GENSET SEBELAH UTARA SOLAR',43,111,NULL,1,'2022-07-05 14:05:23',10,NULL,NULL),
(97,'COLING TOWER SEBELAH UTARA SOLAR',45,111,NULL,1,'2022-07-05 14:05:23',10,NULL,NULL),
(98,'HYDRANT SEBELAH TIMUR SOLAR',39,111,NULL,1,'2022-07-05 14:05:23',10,NULL,NULL),
(99,'APAR AREA SOLAR (DEKAT PINTU PAGAR BRC)',38,111,NULL,1,'2022-07-05 14:05:23',10,NULL,NULL),
(100,'GAS STATION AREA SAMATOR',37,112,NULL,1,'2022-07-05 14:05:23',10,NULL,NULL),
(101,'COOLING TOWER SEBELAH SELATAN SAMATOR',45,112,NULL,1,'2022-07-05 14:05:23',10,NULL,NULL),
(102,'HYDRANT NO.36  ',39,112,NULL,1,'2022-07-05 14:05:23',10,NULL,NULL),
(104,'GATE IN/OUT ORANG & ROLLING DOOR PRESS UTARA',49,113,NULL,1,'2022-07-05 14:05:23',10,NULL,NULL),
(105,'APAR AREA PRESS UTARA (AREA RECIVING)',38,113,NULL,1,'2022-07-05 14:05:23',10,NULL,NULL),
(106,'HYDRANT AREA PRESS UTARA (AREA RECIVING)',39,113,NULL,1,'2022-07-05 14:05:23',10,NULL,NULL),
(107,'PANEL LISTRIK AREA PRESS SELATAN (AREA RECIVING)',46,114,NULL,1,'2022-07-05 14:05:23',10,NULL,NULL),
(108,'MESIN AREA PRESS SELATAN',47,114,NULL,1,'2022-07-05 14:05:23',10,NULL,NULL),
(109,'LAMPU AREA DALAM',50,114,NULL,1,'2022-07-05 14:05:23',10,NULL,NULL),
(110,'GATE PERBATASAN WELDING',49,114,NULL,1,'2022-07-05 14:05:23',10,NULL,NULL),
(111,'APAR AREA PRESS SELATAN',38,114,NULL,1,'2022-07-05 14:05:23',10,NULL,NULL),
(112,'HYDRANT AREA PRESS SELATAN',39,114,NULL,1,'2022-07-05 14:05:23',10,NULL,NULL),
(113,'PANEL AREA WELDING OFFICE CKD',46,115,NULL,1,'2022-07-05 14:05:23',10,NULL,NULL),
(114,'MESIN SPOT GUN LAS',47,115,NULL,1,'2022-07-05 14:05:23',10,NULL,NULL),
(115,'LAMPU SEKITAR OFFICE CKD WELDING',50,115,NULL,1,'2022-07-05 14:05:23',10,NULL,NULL),
(116,'IN/OUT WELDING CKD',49,115,NULL,1,'2022-07-05 14:05:23',10,NULL,NULL),
(117,'APAR AREA WELDING OFFICE CKD (TIANG DEKAT MUSHOLA)',38,115,NULL,1,'2022-07-05 14:05:23',10,NULL,NULL),
(118,'HYDRANT AREA WELDING OFFICE CKD (TEMBOK DEKAT ROLLING DOOR)',39,115,NULL,1,'2022-07-05 14:05:23',10,NULL,NULL),
(119,'PANEL AREA ASSEMBLING OFFICE LOG',46,116,NULL,1,'2022-07-05 14:05:23',10,NULL,NULL),
(120,'MESIN JALUR ASSEMBLING OFFICE LOG',47,116,NULL,1,'2022-07-05 14:05:23',10,NULL,NULL),
(121,'LAMPU SEKITAR ASSEMBLING OFFICE LOG',50,116,NULL,1,'2022-07-05 14:05:23',10,NULL,NULL),
(122,'IN/OUT ASSEMBLING OFFICE LOG ( ROLLING DOOR)',49,116,NULL,1,'2022-07-05 14:05:23',10,NULL,NULL),
(123,'APAR AREA ASSEMBLING OFFICE LOG (AREA DALAM)',38,116,NULL,1,'2022-07-05 14:05:23',10,NULL,NULL),
(124,'HYDRANT AREA ASSEMBLING OFFICE LOG (AREA DALAM)',39,116,NULL,1,'2022-07-05 14:05:23',10,NULL,NULL),
(125,'PANEL LISTRIK AREA SEBELAH BARAT BENCHTRY',46,117,NULL,1,'2022-07-05 14:05:23',10,NULL,NULL),
(126,'MESIN DEPANG  BENCHTRY',47,117,NULL,1,'2022-07-05 14:05:23',10,NULL,NULL),
(127,'LAMPU LUAR SEKITAR BENCHTRY',50,117,NULL,1,'2022-07-05 14:05:23',10,NULL,NULL),
(128,'PINTU WHITESHEET',49,117,NULL,1,'2022-07-05 14:05:23',10,NULL,NULL),
(129,'HYDRANT AREA ASSEMBLING BENCHTRY ( SEBELAH SELATAN WHITESHEET )',39,117,NULL,1,'2022-07-05 14:05:23',10,NULL,NULL),
(130,'APAR AREA ASSEMBLING BENCHTRY ( SEBELAH SELATAN WHITESHEET )',38,117,NULL,1,'2022-07-05 14:05:23',10,NULL,NULL),
(131,'PINTU CENTRAL OFFICE LANTAI 1',49,118,NULL,1,'2022-07-05 14:05:23',10,NULL,NULL),
(132,'LAMPU CENTRAL OFFICE LANTAI 1',50,118,NULL,1,'2022-07-05 14:05:23',10,NULL,NULL),
(133,'PANEL LISTRIK RUANG GUDANG GA',46,118,NULL,1,'2022-07-05 14:05:23',10,NULL,NULL),
(134,'AC RUANGAN CO LANTAI 1',56,118,NULL,1,'2022-07-05 14:05:23',10,NULL,NULL),
(135,'APAR AREA CENTRAL OFFICE LANTAI 1 (PINTU KE ASSY)',38,118,NULL,1,'2022-07-05 14:05:23',10,NULL,NULL),
(136,'PINTU CENTRAL OFFICE LANTAI 2',49,119,NULL,1,'2022-07-05 14:05:23',10,NULL,NULL),
(137,'LAMPU CENTRAL OFFICE LANTAI 2',50,119,NULL,1,'2022-07-05 14:05:23',10,NULL,NULL),
(138,'CENTRAL OFFICE LANTAI 2 (AC OFFICE)',56,119,NULL,1,'2022-07-05 14:05:23',10,NULL,NULL),
(139,'APAR AREA CENTRAL OFFICE LANTAI 2 (DEKAT PINTU BELAKANG KE ASSY)',38,119,NULL,1,'2022-07-05 14:05:23',10,NULL,NULL),
(140,'HYDRANT AREA CENTRAL OFFICE LANTAI 2 (DEKAT PINTU BELAKANG KE ASSY)',39,119,NULL,1,'2022-07-05 14:05:23',10,NULL,NULL),
(141,'PANEL LISTRIK AREA CENTRAL OFFICE LANTAI 2 (DALAM PANTRI)',46,119,NULL,1,'2022-07-05 14:05:23',10,NULL,NULL),
(142,'PINTU IN/OUT GEDUNG ENGINEERING',49,120,NULL,1,'2022-07-05 14:05:23',10,NULL,NULL),
(143,'RND ENGINEERING (LAMPU RUANG ENGINEERING)',50,120,NULL,1,'2022-07-05 14:05:23',10,NULL,NULL),
(144,'RND ENGINEERING (AC RUANG ENGINEERING)',56,120,NULL,1,'2022-07-05 14:05:23',10,NULL,NULL),
(145,'APAR AREA RND ENGINEERING (PINTU MASUK)',38,120,NULL,1,'2022-07-05 14:05:23',10,NULL,NULL),
(146,'PINTU IN/OUT GEDUNG DESIGN',49,121,NULL,1,'2022-07-05 14:05:23',10,NULL,NULL),
(147,'PANEL LISTRIK AREA DEPAN REST AREA',46,121,NULL,1,'2022-07-05 14:05:23',10,NULL,NULL),
(148,'RND DESIGN (LAMPU RUANG DESIGN)',50,121,NULL,1,'2022-07-05 14:05:23',10,NULL,NULL),
(149,'RND DESIGN (AC RUANG DESIGN)',56,121,NULL,1,'2022-07-05 14:05:23',10,NULL,NULL),
(150,'APAR AREA RND DESIGN (PINTU MASUK)',38,121,NULL,1,'2022-07-05 14:05:23',10,NULL,NULL),
(151,'GERBANG IN/OUT AREA POS 3',58,122,NULL,1,'2022-07-05 14:05:23',10,NULL,NULL),
(152,'PAGAR PEMBATAS SEKITAR GATE 3 & PERBATASAN AI',59,122,NULL,1,'2022-07-05 14:05:23',10,NULL,NULL),
(153,'LAMPU PJU AREA GATE 3',50,122,NULL,1,'2022-07-05 14:05:23',10,NULL,NULL),
(154,'GORONG-GORONG AREA SEKITAR POS 3',61,122,NULL,1,'2022-07-05 14:05:23',10,NULL,NULL),
(155,'RAM PEMBATAS AREA SEKITAR POS 3',62,122,NULL,1,'2022-07-05 14:05:23',10,NULL,NULL),
(156,'CCTV AREA POS 3',63,122,NULL,1,'2022-07-05 14:05:23',10,NULL,NULL),
(157,'GERBANG IN/OUT AREA POS 2',58,123,NULL,1,'2022-07-05 14:05:23',10,NULL,NULL),
(158,'PAGAR PEMBATAS SEPANJANG POS 2 - POS 3',59,123,NULL,1,'2022-07-05 14:05:23',10,NULL,NULL),
(159,'LAMPU PJU AREA GATE 2',50,123,NULL,1,'2022-07-05 14:05:23',10,NULL,NULL),
(160,'GORONG-GORONG AREA SEKITAR POS 2 ',61,123,NULL,1,'2022-07-05 14:05:23',10,NULL,NULL),
(161,'RAM PEMBATAS AREA SEKITAR POS 2 ',62,123,NULL,1,'2022-07-05 14:05:23',10,NULL,NULL),
(162,'CCTV AREA POS 2',63,123,NULL,1,'2022-07-05 14:05:23',10,NULL,NULL),
(163,'GERBANG IN/OUT AREA POS 1',58,124,NULL,1,'2022-07-05 14:05:23',10,NULL,NULL),
(164,'PAGAR PEMBATAS AREA POS 1',59,124,NULL,1,'2022-07-05 14:05:23',10,NULL,NULL),
(165,'LAMPU PJU AREA POS 1',50,124,NULL,1,'2022-07-05 14:05:23',10,NULL,NULL),
(166,'GORONG - GORONG  PEMBATAS SEPANJANG DEPAN POS 1 ',61,124,NULL,1,'2022-07-05 14:05:23',10,NULL,NULL),
(167,'RAM PEMBATAS SEPANJANG DEPAN POS 1 ',62,124,NULL,1,'2022-07-05 14:05:23',10,NULL,NULL),
(168,'CCTV DEPAN AREA POS 1',63,124,NULL,1,'2022-07-05 14:05:23',10,NULL,NULL),
(169,'HYDRANT AREA POS 1 ( DEPAN POS 1 )',39,124,NULL,1,'2022-07-05 14:05:23',10,NULL,NULL),
(170,'PINTU IN/OUT GEDUNG PADDOCK',58,125,NULL,1,'2022-07-05 14:05:23',10,NULL,NULL),
(171,'PAGAR PEMBATAS LUAR AREA PADDOCK',59,125,NULL,1,'2022-07-05 14:05:23',10,NULL,NULL),
(172,'LAMPU SOROT AREA PADDOCK',50,125,NULL,1,'2022-07-05 14:05:23',10,NULL,NULL),
(173,'GORONG - GORONG AREA PADDOCK ( SAMPING PAGAR )',61,125,NULL,1,'2022-07-05 14:05:23',10,NULL,NULL),
(174,'CCTV PADDOCK ( SEBELAH TIMUR )',63,125,NULL,1,'2022-07-05 14:05:23',10,NULL,NULL),
(175,'APAR AREA PADDOCK (SELATAN GEDUNG PADDOCK)',38,125,NULL,1,'2022-07-05 14:05:23',10,NULL,NULL),
(176,'HYDRANT AREA PADDOCK (SELATAN GEDUNG PADDOCK)',39,125,NULL,1,'2022-07-05 14:05:23',10,NULL,NULL),
(177,'PARKING SISTEM AREA IN / OUT JEMBATAN TESTCOURSE',66,125,NULL,1,'2022-07-05 14:05:23',10,NULL,NULL),
(178,'PAGAR SEKITAR MENARA 2 ',59,126,NULL,1,'2022-07-05 14:05:23',10,NULL,NULL),
(179,'LAMPU SOROT MENARA 2 ',50,126,NULL,1,'2022-07-05 14:05:23',10,NULL,NULL),
(180,'GORONG - GORONG SEKITAR MENARA 2 ',61,126,NULL,1,'2022-07-05 14:05:23',10,NULL,NULL),
(181,'PAGAR PERBATASAN AI / SOIL ROAD',59,127,NULL,1,'2022-07-05 14:05:23',10,NULL,NULL),
(182,'LAMPU SOROT PERBATASAN AI / SOIL ROAD',50,127,NULL,1,'2022-07-05 14:05:23',10,NULL,NULL),
(183,'GORONG - GORONG PERBATASAN AI / SOIL ROAD',61,127,NULL,1,'2022-07-05 14:05:23',10,NULL,NULL),
(184,'PAGAR PERBATASAN WELDING',59,128,NULL,1,'2022-07-05 14:05:23',10,NULL,NULL),
(185,'LAMPU PJU AREA JALAN BARU',50,128,NULL,1,'2022-07-05 14:05:23',10,NULL,NULL),
(186,'GORONG - GORONG AREA JALAN BARU',61,128,NULL,1,'2022-07-05 14:05:23',10,NULL,NULL),
(187,'RAM PEMBATAS AREA JALAN BARU',62,128,NULL,1,'2022-07-05 14:05:23',10,NULL,NULL),
(188,'LAMPU LOKER KARYAWAN',50,129,NULL,1,'2022-07-05 14:05:23',10,NULL,NULL),
(189,'PANEL LISTRIK AREA DEKAT BLUEMART',46,129,NULL,1,'2022-07-05 14:05:23',10,NULL,NULL),
(190,'APAR AREA LOKER KARYAWAN (AREA DALAM LOKER)',38,129,NULL,1,'2022-07-05 14:05:23',10,NULL,NULL),
(191,'HYDRANT AREA LOKER KARYAWAN AREA LUAR (HYDRANT NO. 13)',39,129,NULL,1,'2022-07-05 14:05:23',10,NULL,NULL),
(192,'TURNSTILE BODY CHECK IN OUT KARYAWAN',65,129,NULL,1,'2022-07-05 14:05:23',10,NULL,NULL),
(193,'LOKER KARYAWAN (AREA DALAM)',74,129,NULL,1,'2022-07-05 14:05:23',10,NULL,NULL),
(194,'LAMPU PENERANGAN KLINIK, FM, KANTIN, & REST AREA',50,130,NULL,1,'2022-07-05 14:05:23',10,NULL,NULL),
(195,'PANEL LISTRIK AREA SEBELAH TIMUR KLINIK',46,130,NULL,1,'2022-07-05 14:05:23',10,NULL,NULL),
(196,'APAR AREA KLINIK, FM, KANTIN, & REST AREA (REST AREA)',38,130,NULL,1,'2022-07-05 14:05:23',10,NULL,NULL),
(197,'HYDRANT AREA KLINIK, FM, KANTIN, & REST AREA (HYDRANT NO. 18)',39,130,NULL,1,'2022-07-05 14:05:23',10,NULL,NULL),
(198,'LAMPU AREA PARKIRAN KR2 & KR4',50,131,NULL,1,'2022-07-05 14:05:23',10,NULL,NULL),
(199,'PANEL LISTRIK BELAKANG POSKO SECURITY',46,131,NULL,1,'2022-07-05 14:05:23',10,NULL,NULL),
(200,'APAR AREA PARKIRAN KR2 (APAR PARKIR B2)',38,131,NULL,1,'2022-07-05 14:05:23',10,NULL,NULL),
(201,'HYDRANT AREA PARKIRAN KR2 (HYDRANT PARKIR B3)',39,131,NULL,1,'2022-07-05 14:05:23',10,NULL,NULL),
(202,'PARKING SISTEM AREA PARKIRAN KR2 & KR4',66,131,NULL,1,'2022-07-05 14:05:23',10,NULL,NULL),
(203,'LAMPU SOROT AREA KEC',50,132,NULL,1,'2022-07-05 14:05:23',10,NULL,NULL),
(204,'APAR AREA KEC',38,132,NULL,1,'2022-07-05 14:05:23',10,NULL,NULL),
(205,'HYDRANT AREA KEC ( HYDRANT NO 23 )',39,132,NULL,1,'2022-07-05 14:05:23',10,NULL,NULL),
(214,'LAMPU DISKO',81,143,'',1,'2022-07-18 08:11:44',1,NULL,NULL),
(215,'LAMPU AREA DALAM',50,113,'',1,'2022-07-18 08:30:38',1,NULL,NULL);

/*Table structure for table `admisecsgp_mstplant` */

DROP TABLE IF EXISTS `admisecsgp_mstplant`;

CREATE TABLE `admisecsgp_mstplant` (
  `id` bigint(10) NOT NULL AUTO_INCREMENT,
  `plant_name` varchar(50) NOT NULL,
  `kode_plant` varchar(20) NOT NULL,
  `admisecsgp_mstsite_id` bigint(10) NOT NULL,
  `others` text DEFAULT NULL,
  `status` tinyint(1) NOT NULL,
  `created_at` datetime NOT NULL,
  `created_by` bigint(10) NOT NULL,
  `updated_at` datetime DEFAULT NULL,
  `updated_by` bigint(10) DEFAULT NULL,
  PRIMARY KEY (`id`),
  KEY `FK_admisecsgp_mstusr_2` (`updated_by`),
  KEY `FK_admisecsgp_mstusr` (`created_by`),
  KEY `FK_admisecsgp_mstsite` (`admisecsgp_mstsite_id`),
  CONSTRAINT `FK_admisecsgp_mstplant` FOREIGN KEY (`admisecsgp_mstsite_id`) REFERENCES `admisecsgp_mstsite` (`id`),
  CONSTRAINT `FK_admisecsgp_mstusr` FOREIGN KEY (`created_by`) REFERENCES `admisecsgp_mstusr` (`id`),
  CONSTRAINT `FK_admisecsgp_mstusr_2` FOREIGN KEY (`updated_by`) REFERENCES `admisecsgp_mstusr` (`id`)
) ENGINE=InnoDB AUTO_INCREMENT=46 DEFAULT CHARSET=utf8mb4;

/*Data for the table `admisecsgp_mstplant` */

insert  into `admisecsgp_mstplant`(`id`,`plant_name`,`kode_plant`,`admisecsgp_mstsite_id`,`others`,`status`,`created_at`,`created_by`,`updated_at`,`updated_by`) values 
(41,'PLANT 4 LINE 2','ADMP4L2',9,'',1,'2022-04-22 14:48:40',1,'2022-05-22 21:42:25',1),
(42,'PLANT 5','ADMP5',11,'',1,'2022-04-22 14:50:20',1,'2022-05-22 21:42:43',1),
(43,'PLANT 4 LINE 1','ADMP4L1',9,'',1,'2022-05-12 09:38:33',1,'2022-05-25 09:33:07',1),
(45,'HEAD OFFICE','ADMHO',15,'',1,'2022-07-12 08:19:03',1,'2022-07-18 08:38:49',1);

/*Table structure for table `admisecsgp_mstprd` */

DROP TABLE IF EXISTS `admisecsgp_mstprd`;

CREATE TABLE `admisecsgp_mstprd` (
  `id` bigint(11) NOT NULL AUTO_INCREMENT,
  `admisecsgp_mstshift_id` bigint(10) NOT NULL,
  `total` int(11) NOT NULL,
  `created_at` datetime NOT NULL,
  `created_by` bigint(10) NOT NULL,
  `updated_at` datetime DEFAULT NULL,
  `updated_by` bigint(10) DEFAULT NULL,
  `status` tinyint(1) NOT NULL,
  PRIMARY KEY (`id`),
  KEY `FK_admisecsgp_mstprd` (`admisecsgp_mstshift_id`),
  KEY `FK_admisecsgp_mstprd_1` (`created_by`),
  KEY `FK_admisecsgp_mstprd_2` (`updated_by`),
  CONSTRAINT `FK_admisecsgp_mstprd` FOREIGN KEY (`admisecsgp_mstshift_id`) REFERENCES `admisecsgp_mstshift` (`id`),
  CONSTRAINT `FK_admisecsgp_mstprd_1` FOREIGN KEY (`created_by`) REFERENCES `admisecsgp_mstusr` (`id`),
  CONSTRAINT `FK_admisecsgp_mstprd_2` FOREIGN KEY (`updated_by`) REFERENCES `admisecsgp_mstusr` (`id`)
) ENGINE=InnoDB AUTO_INCREMENT=4 DEFAULT CHARSET=latin1;

/*Data for the table `admisecsgp_mstprd` */

insert  into `admisecsgp_mstprd`(`id`,`admisecsgp_mstshift_id`,`total`,`created_at`,`created_by`,`updated_at`,`updated_by`,`status`) values 
(1,1,1,'2022-04-18 17:02:24',1,'2022-05-12 09:52:08',1,1),
(3,2,1,'2022-04-22 14:55:02',1,NULL,NULL,1);

/*Table structure for table `admisecsgp_mstproduction` */

DROP TABLE IF EXISTS `admisecsgp_mstproduction`;

CREATE TABLE `admisecsgp_mstproduction` (
  `id` int(11) NOT NULL AUTO_INCREMENT,
  `name` varchar(60) NOT NULL,
  `created_at` datetime NOT NULL,
  `created_by` bigint(11) NOT NULL,
  `updated_at` datetime DEFAULT NULL,
  `updated_by` bigint(11) DEFAULT NULL,
  `status` tinyint(4) NOT NULL,
  PRIMARY KEY (`id`),
  KEY `FK_admisecsgp_mstproduction` (`created_by`),
  KEY `FK_admisecsgp_mstproduction2` (`updated_by`),
  CONSTRAINT `FK_admisecsgp_mstproduction1` FOREIGN KEY (`created_by`) REFERENCES `admisecsgp_mstusr` (`id`),
  CONSTRAINT `FK_admisecsgp_mstproduction2` FOREIGN KEY (`updated_by`) REFERENCES `admisecsgp_mstusr` (`id`)
) ENGINE=InnoDB AUTO_INCREMENT=6 DEFAULT CHARSET=latin1;

/*Data for the table `admisecsgp_mstproduction` */

insert  into `admisecsgp_mstproduction`(`id`,`name`,`created_at`,`created_by`,`updated_at`,`updated_by`,`status`) values 
(3,'PRODUKSI','2022-04-19 00:00:00',1,NULL,NULL,1),
(4,'NON-PRODUKSI','2022-04-19 00:00:00',1,NULL,NULL,1);

/*Table structure for table `admisecsgp_mstproductiondtls` */

DROP TABLE IF EXISTS `admisecsgp_mstproductiondtls`;

CREATE TABLE `admisecsgp_mstproductiondtls` (
  `id` bigint(11) NOT NULL AUTO_INCREMENT,
  `bulan` varchar(12) NOT NULL,
  `tahun` varchar(4) NOT NULL,
  `admisecsgp_mstplant_id` bigint(10) NOT NULL,
  `admisecsgp_mstzone_id` bigint(10) NOT NULL,
  `admisecsgp_mstshift_id` bigint(11) NOT NULL,
  `tanggal_1` int(20) NOT NULL,
  `ss_1` tinyint(1) NOT NULL,
  `tanggal_2` int(20) NOT NULL,
  `ss_2` tinyint(1) NOT NULL,
  `tanggal_3` int(20) NOT NULL,
  `ss_3` tinyint(1) NOT NULL,
  `tanggal_4` int(20) NOT NULL,
  `ss_4` tinyint(1) NOT NULL,
  `tanggal_5` int(20) NOT NULL,
  `ss_5` tinyint(1) NOT NULL,
  `tanggal_6` int(20) NOT NULL,
  `ss_6` tinyint(1) NOT NULL,
  `tanggal_7` int(20) NOT NULL,
  `ss_7` tinyint(1) NOT NULL,
  `tanggal_8` int(20) NOT NULL,
  `ss_8` tinyint(1) NOT NULL,
  `tanggal_9` int(20) NOT NULL,
  `ss_9` tinyint(1) NOT NULL,
  `tanggal_10` int(20) NOT NULL,
  `ss_10` tinyint(1) NOT NULL,
  `tanggal_11` int(20) NOT NULL,
  `ss_11` tinyint(1) NOT NULL,
  `tanggal_12` int(20) NOT NULL,
  `ss_12` tinyint(1) NOT NULL,
  `tanggal_13` int(20) NOT NULL,
  `ss_13` tinyint(1) NOT NULL,
  `tanggal_14` int(20) NOT NULL,
  `ss_14` tinyint(1) NOT NULL,
  `tanggal_15` int(20) NOT NULL,
  `ss_15` tinyint(1) NOT NULL,
  `tanggal_16` int(20) NOT NULL,
  `ss_16` tinyint(1) NOT NULL,
  `tanggal_17` int(20) NOT NULL,
  `ss_17` tinyint(1) NOT NULL,
  `tanggal_18` int(20) NOT NULL,
  `ss_18` tinyint(1) NOT NULL,
  `tanggal_19` int(20) NOT NULL,
  `ss_19` tinyint(1) NOT NULL,
  `tanggal_20` int(20) NOT NULL,
  `ss_20` tinyint(1) NOT NULL,
  `tanggal_21` int(20) NOT NULL,
  `ss_21` tinyint(1) NOT NULL,
  `tanggal_22` int(20) NOT NULL,
  `ss_22` tinyint(1) NOT NULL,
  `tanggal_23` int(20) NOT NULL,
  `ss_23` tinyint(1) NOT NULL,
  `tanggal_24` int(20) NOT NULL,
  `ss_24` tinyint(1) NOT NULL,
  `tanggal_25` int(20) NOT NULL,
  `ss_25` tinyint(1) NOT NULL,
  `tanggal_26` int(20) NOT NULL,
  `ss_26` tinyint(1) NOT NULL,
  `tanggal_27` int(20) NOT NULL,
  `ss_27` tinyint(1) NOT NULL,
  `tanggal_28` int(20) NOT NULL,
  `ss_28` tinyint(1) NOT NULL,
  `tanggal_29` int(20) NOT NULL,
  `ss_29` tinyint(1) NOT NULL,
  `tanggal_30` int(20) NOT NULL,
  `ss_30` tinyint(1) NOT NULL,
  `tanggal_31` int(20) NOT NULL,
  `ss_31` tinyint(1) NOT NULL,
  `status` int(11) NOT NULL,
  `created_at` datetime NOT NULL,
  `created_by` int(11) NOT NULL,
  `updated_at` datetime DEFAULT NULL,
  `updated_by` int(11) DEFAULT NULL,
  PRIMARY KEY (`id`),
  KEY `admisecsgp_mstplant_id` (`admisecsgp_mstplant_id`),
  KEY `admisecsgp_mstshift_id` (`admisecsgp_mstshift_id`),
  KEY `admisecsgp_mstzone_id` (`admisecsgp_mstzone_id`),
  KEY `FK_tanggal_2` (`tanggal_2`),
  KEY `FK_tanggal_3` (`tanggal_3`),
  KEY `FK_tanggal_4` (`tanggal_4`),
  KEY `FK_tanggal_5` (`tanggal_5`),
  KEY `FK_tanggal_6` (`tanggal_6`),
  KEY `FK_tanggal_7` (`tanggal_7`),
  KEY `FK_tanggal_8` (`tanggal_8`),
  KEY `FK_tanggal_9` (`tanggal_9`),
  KEY `FK_tanggal_10` (`tanggal_10`),
  KEY `FK_tanggal_11` (`tanggal_11`),
  KEY `FK_tanggal_12` (`tanggal_12`),
  KEY `FK_tanggal_13` (`tanggal_13`),
  KEY `FK_tanggal_14` (`tanggal_14`),
  KEY `FK_tanggal_15` (`tanggal_15`),
  KEY `FK_tanggal_16` (`tanggal_16`),
  KEY `FK_tanggal_17` (`tanggal_17`),
  KEY `FK_tanggal_18` (`tanggal_18`),
  KEY `FK_tanggal_19` (`tanggal_19`),
  KEY `FK_tanggal_20` (`tanggal_20`),
  KEY `FK_tanggal_21` (`tanggal_21`),
  KEY `FK_tanggal_22` (`tanggal_22`),
  KEY `FK_tanggal_23` (`tanggal_23`),
  KEY `FK_tanggal_24` (`tanggal_24`),
  KEY `FK_tanggal_25` (`tanggal_25`),
  KEY `FK_tanggal_26` (`tanggal_26`),
  KEY `FK_tanggal_27` (`tanggal_27`),
  KEY `FK_tanggal_28` (`tanggal_28`),
  KEY `FK_tanggal_29` (`tanggal_29`),
  KEY `FK_tanggal_30` (`tanggal_30`),
  KEY `FK_tanggal_31` (`tanggal_31`),
  KEY `FK_tanggal_1` (`tanggal_1`),
  CONSTRAINT `FK_admisecsgp_mstplant_id` FOREIGN KEY (`admisecsgp_mstplant_id`) REFERENCES `admisecsgp_mstplant` (`id`),
  CONSTRAINT `FK_admisecsgp_mstproduction` FOREIGN KEY (`tanggal_1`) REFERENCES `admisecsgp_mstproduction` (`id`),
  CONSTRAINT `FK_admisecsgp_mstshift_id` FOREIGN KEY (`admisecsgp_mstshift_id`) REFERENCES `admisecsgp_mstshift` (`id`),
  CONSTRAINT `FK_tanggal_10` FOREIGN KEY (`tanggal_10`) REFERENCES `admisecsgp_mstproduction` (`id`),
  CONSTRAINT `FK_tanggal_11` FOREIGN KEY (`tanggal_11`) REFERENCES `admisecsgp_mstproduction` (`id`),
  CONSTRAINT `FK_tanggal_12` FOREIGN KEY (`tanggal_12`) REFERENCES `admisecsgp_mstproduction` (`id`),
  CONSTRAINT `FK_tanggal_13` FOREIGN KEY (`tanggal_13`) REFERENCES `admisecsgp_mstproduction` (`id`),
  CONSTRAINT `FK_tanggal_14` FOREIGN KEY (`tanggal_14`) REFERENCES `admisecsgp_mstproduction` (`id`),
  CONSTRAINT `FK_tanggal_15` FOREIGN KEY (`tanggal_15`) REFERENCES `admisecsgp_mstproduction` (`id`),
  CONSTRAINT `FK_tanggal_16` FOREIGN KEY (`tanggal_16`) REFERENCES `admisecsgp_mstproduction` (`id`),
  CONSTRAINT `FK_tanggal_17` FOREIGN KEY (`tanggal_17`) REFERENCES `admisecsgp_mstproduction` (`id`),
  CONSTRAINT `FK_tanggal_18` FOREIGN KEY (`tanggal_18`) REFERENCES `admisecsgp_mstproduction` (`id`),
  CONSTRAINT `FK_tanggal_19` FOREIGN KEY (`tanggal_19`) REFERENCES `admisecsgp_mstproduction` (`id`),
  CONSTRAINT `FK_tanggal_2` FOREIGN KEY (`tanggal_2`) REFERENCES `admisecsgp_mstproduction` (`id`),
  CONSTRAINT `FK_tanggal_20` FOREIGN KEY (`tanggal_20`) REFERENCES `admisecsgp_mstproduction` (`id`),
  CONSTRAINT `FK_tanggal_21` FOREIGN KEY (`tanggal_21`) REFERENCES `admisecsgp_mstproduction` (`id`),
  CONSTRAINT `FK_tanggal_22` FOREIGN KEY (`tanggal_22`) REFERENCES `admisecsgp_mstproduction` (`id`),
  CONSTRAINT `FK_tanggal_23` FOREIGN KEY (`tanggal_23`) REFERENCES `admisecsgp_mstproduction` (`id`),
  CONSTRAINT `FK_tanggal_25` FOREIGN KEY (`tanggal_25`) REFERENCES `admisecsgp_mstproduction` (`id`),
  CONSTRAINT `FK_tanggal_26` FOREIGN KEY (`tanggal_26`) REFERENCES `admisecsgp_mstproduction` (`id`),
  CONSTRAINT `FK_tanggal_27` FOREIGN KEY (`tanggal_27`) REFERENCES `admisecsgp_mstproduction` (`id`),
  CONSTRAINT `FK_tanggal_28` FOREIGN KEY (`tanggal_28`) REFERENCES `admisecsgp_mstproduction` (`id`),
  CONSTRAINT `FK_tanggal_29` FOREIGN KEY (`tanggal_29`) REFERENCES `admisecsgp_mstproduction` (`id`),
  CONSTRAINT `FK_tanggal_3` FOREIGN KEY (`tanggal_3`) REFERENCES `admisecsgp_mstproduction` (`id`),
  CONSTRAINT `FK_tanggal_30` FOREIGN KEY (`tanggal_30`) REFERENCES `admisecsgp_mstproduction` (`id`),
  CONSTRAINT `FK_tanggal_31` FOREIGN KEY (`tanggal_31`) REFERENCES `admisecsgp_mstproduction` (`id`),
  CONSTRAINT `FK_tanggal_4` FOREIGN KEY (`tanggal_4`) REFERENCES `admisecsgp_mstproduction` (`id`),
  CONSTRAINT `FK_tanggal_5` FOREIGN KEY (`tanggal_5`) REFERENCES `admisecsgp_mstproduction` (`id`),
  CONSTRAINT `FK_tanggal_6` FOREIGN KEY (`tanggal_6`) REFERENCES `admisecsgp_mstproduction` (`id`),
  CONSTRAINT `FK_tanggal_7` FOREIGN KEY (`tanggal_7`) REFERENCES `admisecsgp_mstproduction` (`id`),
  CONSTRAINT `FK_tanggal_8` FOREIGN KEY (`tanggal_8`) REFERENCES `admisecsgp_mstproduction` (`id`),
  CONSTRAINT `FK_tanggal_9` FOREIGN KEY (`tanggal_9`) REFERENCES `admisecsgp_mstproduction` (`id`),
  CONSTRAINT `FK_zona` FOREIGN KEY (`admisecsgp_mstzone_id`) REFERENCES `admisecsgp_mstzone` (`id`)
) ENGINE=InnoDB AUTO_INCREMENT=313 DEFAULT CHARSET=latin1;

/*Data for the table `admisecsgp_mstproductiondtls` */

insert  into `admisecsgp_mstproductiondtls`(`id`,`bulan`,`tahun`,`admisecsgp_mstplant_id`,`admisecsgp_mstzone_id`,`admisecsgp_mstshift_id`,`tanggal_1`,`ss_1`,`tanggal_2`,`ss_2`,`tanggal_3`,`ss_3`,`tanggal_4`,`ss_4`,`tanggal_5`,`ss_5`,`tanggal_6`,`ss_6`,`tanggal_7`,`ss_7`,`tanggal_8`,`ss_8`,`tanggal_9`,`ss_9`,`tanggal_10`,`ss_10`,`tanggal_11`,`ss_11`,`tanggal_12`,`ss_12`,`tanggal_13`,`ss_13`,`tanggal_14`,`ss_14`,`tanggal_15`,`ss_15`,`tanggal_16`,`ss_16`,`tanggal_17`,`ss_17`,`tanggal_18`,`ss_18`,`tanggal_19`,`ss_19`,`tanggal_20`,`ss_20`,`tanggal_21`,`ss_21`,`tanggal_22`,`ss_22`,`tanggal_23`,`ss_23`,`tanggal_24`,`ss_24`,`tanggal_25`,`ss_25`,`tanggal_26`,`ss_26`,`tanggal_27`,`ss_27`,`tanggal_28`,`ss_28`,`tanggal_29`,`ss_29`,`tanggal_30`,`ss_30`,`tanggal_31`,`ss_31`,`status`,`created_at`,`created_by`,`updated_at`,`updated_by`) values 
(185,'Juli','2022',42,48,1,3,1,3,1,3,1,4,1,3,1,4,1,3,1,3,1,3,1,4,1,3,1,4,1,3,1,3,1,3,1,4,1,3,1,4,1,3,1,3,1,3,1,4,1,3,1,4,1,3,1,3,1,3,1,4,1,3,1,4,1,3,1,0,'2022-07-05 16:53:45',1,'2022-07-11 11:20:16',10),
(186,'Juli','2022',42,48,2,3,0,4,1,3,0,3,0,3,0,4,0,3,0,4,0,3,0,3,0,3,0,4,0,3,0,4,0,3,0,3,0,3,0,4,0,3,0,4,0,3,0,3,0,3,0,4,0,3,0,4,0,3,0,3,0,3,0,4,0,3,0,0,'2022-07-05 16:53:45',1,'2022-07-11 11:20:16',10),
(187,'Juli','2022',42,50,1,3,1,3,1,3,1,4,1,3,1,4,1,3,1,3,1,3,1,4,1,3,1,4,1,3,1,3,1,3,1,4,1,3,1,4,1,3,1,3,1,3,1,4,1,3,1,4,1,3,1,3,1,3,1,4,1,3,1,4,1,3,1,0,'2022-07-05 16:53:45',1,'2022-07-11 11:20:16',10),
(188,'Juli','2022',42,50,2,3,0,4,1,3,0,3,0,3,0,4,0,3,0,4,0,3,0,3,0,3,0,4,0,3,0,4,0,3,0,3,0,3,0,4,0,3,0,4,0,3,0,3,0,3,0,4,0,3,0,4,0,3,0,3,0,3,0,4,0,3,0,0,'2022-07-05 16:53:45',1,'2022-07-11 11:20:16',10),
(189,'Juli','2022',42,51,1,3,0,3,1,3,1,4,1,3,1,4,1,3,1,3,1,3,1,4,1,3,1,4,1,3,1,3,1,3,1,4,1,3,1,4,1,3,1,3,1,3,1,4,1,3,1,4,1,3,1,3,1,3,1,4,1,3,1,4,1,3,1,0,'2022-07-05 16:53:45',1,'2022-07-11 11:20:16',10),
(190,'Juli','2022',42,51,2,3,0,4,1,3,0,3,0,3,0,4,0,3,0,4,0,3,0,3,0,3,0,4,0,3,0,4,0,3,0,3,0,3,0,4,0,3,0,4,0,3,0,3,0,3,0,4,0,3,0,4,0,3,0,3,0,3,0,4,0,3,0,0,'2022-07-05 16:53:45',1,'2022-07-11 11:20:16',10),
(191,'Juli','2022',42,55,1,3,0,3,1,3,1,4,1,3,1,4,1,3,1,3,1,3,1,4,1,3,1,4,1,3,1,3,1,3,1,4,1,3,1,4,1,3,1,3,1,3,1,4,1,3,1,4,1,3,1,3,1,3,1,4,1,3,1,4,1,3,1,0,'2022-07-05 16:53:45',1,'2022-07-11 11:20:16',10),
(192,'Juli','2022',42,55,2,3,0,4,1,3,0,3,0,3,0,4,0,3,0,4,0,3,0,3,0,3,0,4,0,3,0,4,0,3,0,3,0,3,0,4,0,3,0,4,0,3,0,3,0,3,0,4,0,3,0,4,0,3,0,3,0,3,0,4,0,3,0,0,'2022-07-05 16:53:45',1,'2022-07-11 11:20:16',10),
(193,'Juli','2022',42,54,1,3,0,3,1,3,1,4,1,3,1,4,1,3,1,3,1,3,1,4,1,3,1,4,1,3,1,3,1,3,1,4,1,3,1,4,1,3,1,3,1,3,1,4,1,3,1,4,1,3,1,3,1,3,1,4,1,3,1,4,1,3,1,0,'2022-07-05 16:53:45',1,'2022-07-11 11:20:16',10),
(194,'Juli','2022',42,54,2,3,0,4,1,3,0,3,0,3,0,4,0,3,0,4,0,3,0,3,0,3,0,4,0,3,0,4,0,3,0,3,0,3,0,4,0,3,0,4,0,3,0,3,0,3,0,4,0,3,0,4,0,3,0,3,0,3,0,4,0,3,0,0,'2022-07-05 16:53:45',1,'2022-07-11 11:20:16',10),
(215,'JULI','2022',42,48,1,3,0,3,1,3,1,4,1,3,1,4,1,3,1,3,1,3,1,4,1,3,1,4,1,3,1,3,1,3,1,4,1,3,1,4,1,3,1,3,1,3,1,4,1,3,1,4,1,3,1,3,1,3,1,4,1,3,1,4,1,3,1,0,'2022-07-08 15:15:26',1,'2022-07-11 11:20:16',10),
(216,'JULI','2022',42,48,2,3,1,4,1,3,0,3,0,3,0,4,0,3,1,4,0,3,0,3,0,3,0,4,0,3,0,4,0,3,0,3,0,3,0,4,0,3,1,4,0,3,0,3,0,3,0,4,0,3,0,4,0,3,0,3,0,3,1,4,0,3,1,0,'2022-07-08 15:15:37',1,'2022-07-11 11:20:16',10),
(217,'JULI','2022',42,50,1,3,1,3,1,3,1,4,1,3,1,4,1,3,1,3,1,3,1,4,1,3,1,4,1,3,1,3,1,3,1,4,1,3,1,4,1,3,1,3,1,3,1,4,1,3,1,4,1,3,1,3,1,3,1,4,1,3,1,4,1,3,1,0,'2022-07-08 15:15:48',1,'2022-07-11 11:20:16',10),
(218,'JULI','2022',42,50,2,3,0,4,0,3,1,3,1,3,1,4,1,3,1,4,0,3,0,3,0,3,0,4,0,3,0,4,0,3,0,3,1,3,1,4,1,3,0,4,1,3,0,3,1,3,1,4,1,3,0,4,0,3,1,3,1,3,1,4,1,3,0,0,'2022-07-08 15:15:58',1,'2022-07-11 11:20:16',10),
(219,'JULI','2022',42,51,1,3,1,3,0,3,1,4,1,3,1,4,1,3,1,3,1,3,1,4,1,3,1,4,1,3,1,3,1,3,1,4,1,3,1,4,1,3,1,3,1,3,1,4,1,3,1,4,1,3,1,3,1,3,1,4,1,3,1,4,1,3,1,0,'2022-07-08 15:16:08',1,'2022-07-11 11:20:16',10),
(220,'JULI','2022',42,51,2,3,1,4,1,3,0,3,0,3,0,4,0,3,0,4,0,3,0,3,1,3,1,4,1,3,1,4,0,3,1,3,1,3,1,4,0,3,0,4,0,3,1,3,0,3,0,4,0,3,0,4,0,3,0,3,1,3,1,4,0,3,1,0,'2022-07-08 15:16:19',1,'2022-07-11 11:20:16',10),
(221,'JULI','2022',42,55,1,3,0,3,1,3,1,4,1,3,1,4,1,3,1,3,1,3,1,4,1,3,1,4,1,3,1,3,1,3,1,4,1,3,1,4,1,3,1,3,1,3,1,4,1,3,1,4,1,3,1,3,1,3,1,4,1,3,1,4,1,3,1,0,'2022-07-08 15:16:30',1,'2022-07-11 11:20:16',10),
(222,'JULI','2022',42,55,2,3,0,4,1,3,1,3,1,3,0,4,1,3,0,4,1,3,0,3,1,3,1,4,1,3,1,4,0,3,1,3,0,3,0,4,1,3,1,4,1,3,1,3,1,3,0,4,1,3,0,4,0,3,1,3,1,3,0,4,0,3,0,0,'2022-07-08 15:16:40',1,'2022-07-11 11:20:16',10),
(223,'JULI','2022',42,54,1,3,0,3,1,3,1,4,1,3,1,4,1,3,1,3,1,3,1,4,1,3,1,4,1,3,1,3,1,3,1,4,1,3,1,4,1,3,1,3,1,3,1,4,1,3,1,4,1,3,1,3,1,3,1,4,1,3,1,4,1,3,1,0,'2022-07-08 15:16:50',1,'2022-07-11 11:20:16',10),
(224,'JULI','2022',42,54,2,3,1,4,1,3,0,3,0,3,1,4,0,3,0,4,0,3,0,3,0,3,0,4,0,3,0,4,0,3,0,3,0,3,0,4,0,3,0,4,0,3,0,3,0,3,1,4,0,3,0,4,0,3,1,3,0,3,0,4,1,3,0,0,'2022-07-08 15:17:00',1,'2022-07-11 11:20:16',10),
(225,'JULI','2022',42,48,1,3,1,3,1,3,1,4,1,3,1,4,1,3,1,3,1,3,1,4,1,3,1,4,1,3,1,3,1,3,1,4,1,3,1,4,1,3,1,3,1,3,1,4,1,3,1,4,1,3,1,3,1,3,1,4,1,3,1,4,1,3,1,0,'2022-07-08 15:52:43',1,'2022-07-11 11:20:16',10),
(226,'JULI','2022',42,48,2,3,1,4,1,3,0,3,0,3,0,4,0,3,1,4,0,3,0,3,0,3,0,4,0,3,0,4,0,3,0,3,0,3,0,4,0,3,1,4,0,3,0,3,0,3,0,4,0,3,0,4,0,3,0,3,0,3,1,4,0,3,1,0,'2022-07-08 15:52:45',1,'2022-07-11 11:20:16',10),
(227,'JULI','2022',42,50,1,3,1,3,1,3,1,4,1,3,1,4,1,3,1,3,1,3,1,4,1,3,1,4,1,3,1,3,1,3,1,4,1,3,1,4,1,3,1,3,1,3,1,4,1,3,1,4,1,3,1,3,1,3,1,4,1,3,1,4,1,3,1,0,'2022-07-08 15:52:47',1,'2022-07-11 11:20:16',10),
(228,'JULI','2022',42,50,2,3,1,4,0,3,1,3,1,3,1,4,1,3,1,4,0,3,0,3,0,3,0,4,0,3,0,4,0,3,0,3,1,3,1,4,1,3,0,4,1,3,0,3,1,3,1,4,1,3,0,4,0,3,1,3,1,3,1,4,1,3,0,0,'2022-07-08 15:52:48',1,'2022-07-11 11:20:16',10),
(229,'JULI','2022',42,51,1,3,1,3,0,3,1,4,1,3,1,4,1,3,1,3,1,3,1,4,1,3,1,4,1,3,1,3,1,3,1,4,1,3,1,4,1,3,1,3,1,3,1,4,1,3,1,4,1,3,1,3,1,3,1,4,1,3,1,4,1,3,1,0,'2022-07-08 15:52:50',1,'2022-07-11 11:20:16',10),
(230,'JULI','2022',42,51,2,3,1,4,1,3,0,3,0,3,0,4,0,3,0,4,0,3,0,3,1,3,1,4,1,3,1,4,0,3,1,3,1,3,1,4,0,3,0,4,0,3,1,3,0,3,0,4,0,3,0,4,0,3,0,3,1,3,1,4,0,3,1,0,'2022-07-08 15:52:53',1,'2022-07-11 11:20:16',10),
(231,'JULI','2022',42,55,1,3,1,3,1,3,1,4,1,3,1,4,1,3,1,3,1,3,1,4,1,3,1,4,1,3,1,3,1,3,1,4,1,3,1,4,1,3,1,3,1,3,1,4,1,3,1,4,1,3,1,3,1,3,1,4,1,3,1,4,1,3,1,0,'2022-07-08 15:53:03',1,'2022-07-11 11:20:16',10),
(232,'JULI','2022',42,55,2,3,1,4,1,3,1,3,1,3,0,4,1,3,0,4,0,3,0,3,1,3,1,4,1,3,1,4,0,3,1,3,0,3,0,4,1,3,1,4,1,3,1,3,1,3,0,4,1,3,0,4,0,3,1,3,1,3,0,4,0,3,0,0,'2022-07-08 15:53:05',1,'2022-07-11 11:20:16',10),
(233,'JULI','2022',42,54,1,3,1,3,1,3,1,4,1,3,1,4,1,3,1,3,1,3,1,4,1,3,1,4,1,3,1,3,1,3,1,4,1,3,1,4,1,3,1,3,1,3,1,4,1,3,1,4,1,3,1,3,1,3,1,4,1,3,1,4,1,3,1,0,'2022-07-08 15:53:06',1,'2022-07-11 11:20:16',10),
(234,'JULI','2022',42,54,2,3,1,4,1,3,0,3,0,3,1,4,0,3,0,4,0,3,0,3,0,3,0,4,0,3,0,4,0,3,0,3,0,3,0,4,0,3,0,4,0,3,0,3,0,3,1,4,0,3,0,4,0,3,1,3,0,3,0,4,1,3,0,0,'2022-07-08 15:53:08',1,'2022-07-11 11:20:16',10),
(235,'JULI','2022',42,48,1,3,1,3,1,3,1,4,1,3,1,4,1,3,1,3,1,3,1,4,1,3,1,4,1,3,1,3,1,3,1,4,1,3,1,4,1,3,1,3,1,3,1,4,1,3,1,4,1,3,1,3,1,3,1,4,1,3,1,4,1,3,1,0,'2022-07-08 16:43:16',10,'2022-07-11 11:20:16',10),
(236,'JULI','2022',42,48,2,3,1,4,1,3,1,3,1,3,1,4,1,3,1,4,0,3,0,3,0,3,0,4,0,3,0,4,0,3,0,3,0,3,0,4,0,3,1,4,0,3,0,3,0,3,0,4,0,3,0,4,0,3,0,3,0,3,1,4,0,3,1,0,'2022-07-08 16:43:18',10,'2022-07-11 11:20:16',10),
(237,'JULI','2022',42,50,1,3,1,3,1,3,1,4,1,3,1,4,1,3,1,3,1,3,1,4,1,3,1,4,1,3,1,3,1,3,1,4,1,3,1,4,1,3,1,3,1,3,1,4,1,3,1,4,1,3,1,3,1,3,1,4,1,3,1,4,1,3,1,0,'2022-07-08 16:43:20',10,'2022-07-11 11:20:16',10),
(238,'JULI','2022',42,50,2,3,1,4,0,3,1,3,1,3,1,4,1,3,1,4,0,3,0,3,0,3,0,4,0,3,0,4,0,3,0,3,1,3,1,4,1,3,0,4,1,3,0,3,1,3,1,4,1,3,0,4,0,3,1,3,1,3,1,4,1,3,0,0,'2022-07-08 16:43:22',10,'2022-07-11 11:20:16',10),
(239,'JULI','2022',42,51,1,3,1,3,0,3,1,4,1,3,1,4,1,3,1,3,1,3,1,4,1,3,1,4,1,3,1,3,1,3,1,4,1,3,1,4,1,3,1,3,1,3,1,4,1,3,1,4,1,3,1,3,1,3,1,4,1,3,1,4,1,3,1,0,'2022-07-08 16:43:25',10,'2022-07-11 11:20:16',10),
(240,'JULI','2022',42,51,2,3,1,4,1,3,1,3,1,3,1,4,1,3,0,4,0,3,0,3,1,3,1,4,1,3,1,4,0,3,1,3,1,3,1,4,0,3,0,4,0,3,1,3,0,3,0,4,0,3,0,4,0,3,0,3,1,3,1,4,0,3,1,0,'2022-07-08 16:43:28',10,'2022-07-11 11:20:16',10),
(241,'JULI','2022',42,55,1,3,1,3,1,3,1,4,1,3,1,4,1,3,1,3,1,3,1,4,1,3,1,4,1,3,1,3,1,3,1,4,1,3,1,4,1,3,1,3,1,3,1,4,1,3,1,4,1,3,1,3,1,3,1,4,1,3,1,4,1,3,1,0,'2022-07-08 16:43:31',10,'2022-07-11 11:20:16',10),
(242,'JULI','2022',42,55,2,3,1,4,1,3,1,3,1,3,1,4,1,3,0,4,0,3,0,3,1,3,1,4,1,3,1,4,0,3,1,3,0,3,0,4,1,3,1,4,1,3,1,3,1,3,0,4,1,3,0,4,0,3,1,3,1,3,0,4,0,3,0,0,'2022-07-08 16:43:35',10,'2022-07-11 11:20:16',10),
(243,'JULI','2022',42,54,1,3,1,3,1,3,1,4,1,3,1,4,1,3,1,3,1,3,1,4,1,3,1,4,1,3,1,3,1,3,1,4,1,3,1,4,1,3,1,3,1,3,1,4,1,3,1,4,1,3,1,3,1,3,1,4,1,3,1,4,1,3,1,0,'2022-07-08 16:43:37',10,'2022-07-11 11:20:16',10),
(244,'JULI','2022',42,54,2,3,1,4,1,3,1,3,1,3,1,4,1,3,0,4,0,3,0,3,0,3,0,4,0,3,0,4,0,3,0,3,0,3,0,4,0,3,0,4,0,3,0,3,0,3,1,4,0,3,0,4,0,3,1,3,0,3,0,4,1,3,0,0,'2022-07-08 16:43:40',10,'2022-07-11 11:20:16',10),
(257,'JULI','2022',43,58,1,3,1,3,1,3,1,4,1,3,1,4,1,3,1,3,1,3,1,4,1,3,1,4,1,3,1,3,1,3,1,4,1,3,1,4,1,3,1,3,1,3,1,4,1,3,1,4,1,3,1,3,1,3,1,4,1,3,1,4,1,3,1,0,'2022-07-08 17:24:07',9,'2022-07-08 17:32:15',9),
(258,'JULI','2022',43,58,2,3,0,4,1,3,0,3,0,3,0,4,0,3,0,4,0,3,0,3,0,3,0,4,0,3,0,4,0,3,0,3,0,3,0,4,0,3,0,4,0,3,0,3,0,3,0,4,0,3,0,4,0,3,0,3,0,3,0,4,0,3,0,0,'2022-07-08 17:24:09',9,'2022-07-08 17:32:15',9),
(259,'JULI','2022',43,65,1,3,1,3,1,3,1,4,1,3,1,4,1,3,1,3,1,3,1,4,1,3,1,4,1,3,1,3,1,3,1,4,1,3,1,4,1,3,1,3,1,3,1,4,1,3,1,4,1,3,1,3,1,3,1,4,1,3,1,4,1,3,1,0,'2022-07-08 17:24:11',9,'2022-07-08 17:32:15',9),
(260,'JULI','2022',43,65,2,3,0,4,1,3,0,3,0,3,0,4,0,3,0,4,0,3,0,3,0,3,0,4,0,3,0,4,0,3,0,3,0,3,0,4,0,3,0,4,0,3,0,3,0,3,0,4,0,3,0,4,0,3,0,3,0,3,0,4,0,3,0,0,'2022-07-08 17:24:13',9,'2022-07-08 17:32:15',9),
(261,'JULI','2022',43,59,1,3,0,3,1,3,1,4,1,3,1,4,1,3,1,3,1,3,1,4,1,3,1,4,1,3,1,3,1,3,1,4,1,3,1,4,1,3,1,3,1,3,1,4,1,3,1,4,1,3,1,3,1,3,1,4,1,3,1,4,1,3,1,0,'2022-07-08 17:24:15',9,'2022-07-08 17:32:15',9),
(262,'JULI','2022',43,59,2,3,0,4,1,3,0,3,0,3,0,4,0,3,0,4,0,3,0,3,0,3,0,4,0,3,0,4,0,3,0,3,0,3,0,4,0,3,0,4,0,3,0,3,0,3,0,4,0,3,0,4,0,3,0,3,0,3,0,4,0,3,0,0,'2022-07-08 17:24:17',9,'2022-07-08 17:32:15',9),
(263,'JULI','2022',43,64,1,3,0,3,1,3,1,4,1,3,1,4,1,3,1,3,1,3,1,4,1,3,1,4,1,3,1,3,1,3,1,4,1,3,1,4,1,3,1,3,1,3,1,4,1,3,1,4,1,3,1,3,1,3,1,4,1,3,1,4,1,3,1,0,'2022-07-08 17:24:20',9,'2022-07-08 17:32:15',9),
(264,'JULI','2022',43,64,2,3,0,4,1,3,0,3,0,3,0,4,0,3,0,4,0,3,0,3,0,3,0,4,0,3,0,4,0,3,0,3,0,3,0,4,0,3,0,4,0,3,0,3,0,3,0,4,0,3,0,4,0,3,0,3,0,3,0,4,0,3,0,0,'2022-07-08 17:24:22',9,'2022-07-08 17:32:15',9),
(265,'JULI','2022',43,62,1,3,0,3,1,3,1,4,1,3,1,4,1,3,1,3,1,3,1,4,1,3,1,4,1,3,1,3,1,3,1,4,1,3,1,4,1,3,1,3,1,3,1,4,1,3,1,4,1,3,1,3,1,3,1,4,1,3,1,4,1,3,1,0,'2022-07-08 17:24:25',9,'2022-07-08 17:32:15',9),
(266,'JULI','2022',43,62,2,3,0,4,1,3,0,3,0,3,0,4,0,3,0,4,0,3,0,3,0,3,0,4,0,3,0,4,0,3,0,3,0,3,0,4,0,3,0,4,0,3,0,3,0,3,0,4,0,3,0,4,0,3,0,3,0,3,0,4,0,3,0,0,'2022-07-08 17:24:27',9,'2022-07-08 17:32:15',9),
(267,'JULI','2022',43,60,1,3,0,3,1,3,1,4,1,3,1,4,1,3,1,3,1,3,1,4,1,3,1,4,1,3,1,3,1,3,1,4,1,3,1,4,1,3,1,3,1,3,1,4,1,3,1,4,1,3,1,3,1,3,1,4,1,3,1,4,1,3,1,0,'2022-07-08 17:24:31',9,'2022-07-08 17:32:15',9),
(268,'JULI','2022',43,60,2,3,0,4,1,3,0,3,0,3,0,4,0,3,0,4,0,3,0,3,0,3,0,4,0,3,0,4,0,3,0,3,0,3,0,4,0,3,0,4,0,3,0,3,0,3,0,4,0,3,0,4,0,3,0,3,0,3,0,4,0,3,0,0,'2022-07-08 17:24:33',9,'2022-07-08 17:32:15',9),
(269,'JULI','2022',43,58,1,3,1,3,0,3,1,4,1,3,1,4,1,3,1,3,1,3,1,4,1,3,1,4,1,3,1,3,1,3,1,4,1,3,1,4,1,3,1,3,1,3,1,4,1,3,1,4,1,3,1,3,1,3,1,4,1,3,1,4,1,3,1,1,'2022-07-08 17:31:40',9,NULL,NULL),
(270,'JULI','2022',43,58,2,3,0,4,0,3,1,3,0,3,0,4,0,3,0,4,0,3,0,3,0,3,0,4,0,3,0,4,0,3,0,3,0,3,0,4,0,3,0,4,0,3,0,3,0,3,0,4,0,3,0,4,0,3,0,3,0,3,0,4,0,3,0,1,'2022-07-08 17:31:43',9,NULL,NULL),
(271,'JULI','2022',43,65,1,3,1,3,0,3,1,4,1,3,1,4,1,3,1,3,1,3,1,4,1,3,1,4,1,3,1,3,1,3,1,4,1,3,1,4,1,3,1,3,1,3,1,4,1,3,1,4,1,3,1,3,1,3,1,4,1,3,1,4,1,3,1,1,'2022-07-08 17:31:45',9,NULL,NULL),
(272,'JULI','2022',43,65,2,3,0,4,0,3,1,3,0,3,0,4,0,3,0,4,0,3,0,3,0,3,0,4,0,3,0,4,0,3,0,3,0,3,0,4,0,3,0,4,0,3,0,3,0,3,0,4,0,3,0,4,0,3,0,3,0,3,0,4,0,3,0,1,'2022-07-08 17:31:48',9,NULL,NULL),
(273,'JULI','2022',43,59,1,3,0,3,0,3,1,4,1,3,1,4,1,3,1,3,1,3,1,4,1,3,1,4,1,3,1,3,1,3,1,4,1,3,1,4,1,3,1,3,1,3,1,4,1,3,1,4,1,3,1,3,1,3,1,4,1,3,1,4,1,3,1,1,'2022-07-08 17:31:52',9,NULL,NULL),
(274,'JULI','2022',43,59,2,3,0,4,0,3,1,3,0,3,0,4,0,3,0,4,0,3,0,3,0,3,0,4,0,3,0,4,0,3,0,3,0,3,0,4,0,3,0,4,0,3,0,3,0,3,0,4,0,3,0,4,0,3,0,3,0,3,0,4,0,3,0,1,'2022-07-08 17:31:54',9,NULL,NULL),
(275,'JULI','2022',43,64,1,3,0,3,0,3,1,4,1,3,1,4,1,3,1,3,1,3,1,4,1,3,1,4,1,3,1,3,1,3,1,4,1,3,1,4,1,3,1,3,1,3,1,4,1,3,1,4,1,3,1,3,1,3,1,4,1,3,1,4,1,3,1,1,'2022-07-08 17:31:56',9,NULL,NULL),
(276,'JULI','2022',43,64,2,3,0,4,0,3,1,3,0,3,0,4,0,3,0,4,0,3,0,3,0,3,0,4,0,3,0,4,0,3,0,3,0,3,0,4,0,3,0,4,0,3,0,3,0,3,0,4,0,3,0,4,0,3,0,3,0,3,0,4,0,3,0,1,'2022-07-08 17:31:58',9,NULL,NULL),
(277,'JULI','2022',43,62,1,3,0,3,0,3,1,4,1,3,1,4,1,3,1,3,1,3,1,4,1,3,1,4,1,3,1,3,1,3,1,4,1,3,1,4,1,3,1,3,1,3,1,4,1,3,1,4,1,3,1,3,1,3,1,4,1,3,1,4,1,3,1,1,'2022-07-08 17:32:06',9,NULL,NULL),
(278,'JULI','2022',43,62,2,3,0,4,0,3,1,3,0,3,0,4,0,3,0,4,0,3,0,3,0,3,0,4,0,3,0,4,0,3,0,3,0,3,0,4,0,3,0,4,0,3,0,3,0,3,0,4,0,3,0,4,0,3,0,3,0,3,0,4,0,3,0,1,'2022-07-08 17:32:09',9,NULL,NULL),
(279,'JULI','2022',43,60,1,3,0,3,0,3,1,4,1,3,1,4,1,3,1,3,1,3,1,4,1,3,1,4,1,3,1,3,1,3,1,4,1,3,1,4,1,3,1,3,1,3,1,4,1,3,1,4,1,3,1,3,1,3,1,4,1,3,1,4,1,3,1,1,'2022-07-08 17:32:12',9,NULL,NULL),
(280,'JULI','2022',43,60,2,3,0,4,0,3,1,3,0,3,0,4,0,3,0,4,0,3,0,3,0,3,0,4,0,3,0,4,0,3,0,3,0,3,0,4,0,3,0,4,0,3,0,3,0,3,0,4,0,3,0,4,0,3,0,3,0,3,0,4,0,3,0,1,'2022-07-08 17:32:15',9,NULL,NULL),
(281,'AGUSTUS','2022',43,58,1,3,1,3,1,3,1,4,1,3,1,4,1,3,1,3,1,3,1,4,1,3,1,4,1,3,1,3,1,3,1,4,1,3,1,4,1,3,1,3,1,3,1,4,1,3,1,4,1,3,1,3,1,3,1,4,1,3,1,4,1,3,1,1,'2022-07-08 18:17:06',1,NULL,NULL),
(282,'AGUSTUS','2022',43,58,2,3,0,4,1,3,0,3,0,3,0,4,0,3,0,4,0,3,0,3,0,3,0,4,0,3,0,4,0,3,0,3,0,3,0,4,0,3,0,4,0,3,0,3,0,3,0,4,0,3,0,4,0,3,0,3,0,3,0,4,0,3,0,1,'2022-07-08 18:17:08',1,NULL,NULL),
(283,'AGUSTUS','2022',43,65,1,3,1,3,1,3,1,4,1,3,1,4,1,3,1,3,1,3,1,4,1,3,1,4,1,3,1,3,1,3,1,4,1,3,1,4,1,3,1,3,1,3,1,4,1,3,1,4,1,3,1,3,1,3,1,4,1,3,1,4,1,3,1,1,'2022-07-08 18:17:10',1,NULL,NULL),
(284,'AGUSTUS','2022',43,65,2,3,0,4,1,3,0,3,0,3,0,4,0,3,0,4,0,3,0,3,0,3,0,4,0,3,0,4,0,3,0,3,0,3,0,4,0,3,0,4,0,3,0,3,0,3,0,4,0,3,0,4,0,3,0,3,0,3,0,4,0,3,0,1,'2022-07-08 18:17:12',1,NULL,NULL),
(285,'AGUSTUS','2022',43,59,1,3,0,3,1,3,1,4,1,3,1,4,1,3,1,3,1,3,1,4,1,3,1,4,1,3,1,3,1,3,1,4,1,3,1,4,1,3,1,3,1,3,1,4,1,3,1,4,1,3,1,3,1,3,1,4,1,3,1,4,1,3,1,1,'2022-07-08 18:17:14',1,NULL,NULL),
(286,'AGUSTUS','2022',43,59,2,3,0,4,1,3,0,3,0,3,0,4,0,3,0,4,0,3,0,3,0,3,0,4,0,3,0,4,0,3,0,3,0,3,0,4,0,3,0,4,0,3,0,3,0,3,0,4,0,3,0,4,0,3,0,3,0,3,0,4,0,3,0,1,'2022-07-08 18:17:16',1,NULL,NULL),
(287,'AGUSTUS','2022',43,64,1,3,0,3,1,3,1,4,1,3,1,4,1,3,1,3,1,3,1,4,1,3,1,4,1,3,1,3,1,3,1,4,1,3,1,4,1,3,1,3,1,3,1,4,1,3,1,4,1,3,1,3,1,3,1,4,1,3,1,4,1,3,1,1,'2022-07-08 18:17:18',1,NULL,NULL),
(288,'AGUSTUS','2022',43,64,2,3,0,4,1,3,0,3,0,3,0,4,0,3,0,4,0,3,0,3,0,3,0,4,0,3,0,4,0,3,0,3,0,3,0,4,0,3,0,4,0,3,0,3,0,3,0,4,0,3,0,4,0,3,0,3,0,3,0,4,0,3,0,1,'2022-07-08 18:17:20',1,NULL,NULL),
(289,'AGUSTUS','2022',43,62,1,3,0,3,1,3,1,4,1,3,1,4,1,3,1,3,1,3,1,4,1,3,1,4,1,3,1,3,1,3,1,4,1,3,1,4,1,3,1,3,1,3,1,4,1,3,1,4,1,3,1,3,1,3,1,4,1,3,1,4,1,3,1,1,'2022-07-08 18:17:22',1,NULL,NULL),
(290,'AGUSTUS','2022',43,62,2,3,0,4,1,3,0,3,0,3,0,4,0,3,0,4,0,3,0,3,0,3,0,4,0,3,0,4,0,3,0,3,0,3,0,4,0,3,0,4,0,3,0,3,0,3,0,4,0,3,0,4,0,3,0,3,0,3,0,4,0,3,0,1,'2022-07-08 18:17:24',1,NULL,NULL),
(291,'AGUSTUS','2022',43,60,1,3,0,3,1,3,1,4,1,3,1,4,1,3,1,3,1,3,1,4,1,3,1,4,1,3,1,3,1,3,1,4,1,3,1,4,1,3,1,3,1,3,1,4,1,3,1,4,1,3,1,3,1,3,1,4,1,3,1,4,1,3,1,1,'2022-07-08 18:17:26',1,NULL,NULL),
(292,'AGUSTUS','2022',43,60,2,3,0,4,1,3,0,3,0,3,0,4,0,3,0,4,0,3,0,3,0,3,0,4,0,3,0,4,0,3,0,3,0,3,0,4,0,3,0,4,0,3,0,3,0,3,0,4,0,3,0,4,0,3,0,3,0,3,0,4,0,3,0,1,'2022-07-08 18:17:27',1,NULL,NULL),
(293,'JULI','2022',42,48,1,3,0,3,1,3,1,4,1,3,1,4,0,3,0,3,0,3,0,4,0,3,0,4,0,3,1,3,1,3,1,4,1,3,1,4,1,3,1,3,1,3,1,4,1,3,1,4,1,3,1,3,1,3,1,4,1,3,1,4,1,3,1,0,'2022-07-11 08:45:58',1,'2022-07-11 11:20:16',10),
(294,'JULI','2022',42,48,2,3,1,4,1,3,0,3,0,3,0,4,0,3,1,4,0,3,0,3,0,3,0,4,0,3,0,4,0,3,0,3,0,3,0,4,0,3,1,4,0,3,0,3,0,3,0,4,0,3,0,4,0,3,0,3,0,3,1,4,0,3,1,0,'2022-07-11 08:46:00',1,'2022-07-11 11:20:16',10),
(295,'JULI','2022',42,50,1,3,1,3,1,3,1,4,1,3,1,4,1,3,1,3,1,3,1,4,1,3,1,4,1,3,1,3,1,3,1,4,1,3,1,4,1,3,1,3,1,3,1,4,1,3,1,4,1,3,1,3,1,3,1,4,1,3,1,4,1,3,1,0,'2022-07-11 08:46:02',1,'2022-07-11 11:20:16',10),
(296,'JULI','2022',42,50,2,3,0,4,0,3,1,3,1,3,1,4,1,3,1,4,0,3,0,3,0,3,0,4,0,3,0,4,0,3,0,3,1,3,1,4,1,3,0,4,1,3,0,3,1,3,1,4,1,3,0,4,0,3,1,3,1,3,1,4,1,3,0,0,'2022-07-11 08:46:05',1,'2022-07-11 11:20:16',10),
(297,'JULI','2022',42,51,1,3,1,3,0,3,1,4,1,3,1,4,1,3,1,3,1,3,1,4,1,3,1,4,1,3,1,3,1,3,1,4,1,3,1,4,1,3,1,3,1,3,1,4,1,3,1,4,1,3,1,3,1,3,1,4,1,3,1,4,1,3,1,0,'2022-07-11 08:46:07',1,'2022-07-11 11:20:16',10),
(298,'JULI','2022',42,51,2,3,1,4,1,3,0,3,0,3,0,4,0,3,0,4,0,3,0,3,1,3,1,4,1,3,1,4,0,3,1,3,1,3,1,4,0,3,0,4,0,3,1,3,0,3,0,4,0,3,0,4,0,3,0,3,1,3,1,4,0,3,1,0,'2022-07-11 08:46:09',1,'2022-07-11 11:20:16',10),
(299,'JULI','2022',42,55,1,3,0,3,1,3,1,4,1,3,1,4,1,3,1,3,1,3,1,4,1,3,1,4,1,3,1,3,1,3,1,4,1,3,1,4,1,3,1,3,1,3,1,4,1,3,1,4,1,3,1,3,1,3,1,4,1,3,1,4,1,3,1,0,'2022-07-11 08:46:11',1,'2022-07-11 11:20:16',10),
(300,'JULI','2022',42,55,2,3,0,4,1,3,1,3,1,3,0,4,1,3,0,4,0,3,0,3,1,3,1,4,1,3,1,4,0,3,1,3,0,3,0,4,1,3,1,4,1,3,1,3,1,3,0,4,1,3,0,4,0,3,1,3,1,3,0,4,0,3,0,0,'2022-07-11 08:46:13',1,'2022-07-11 11:20:16',10),
(301,'JULI','2022',42,54,1,3,0,3,1,3,1,4,1,3,1,4,1,3,1,3,1,3,1,4,1,3,1,4,1,3,1,3,1,3,1,4,1,3,1,4,1,3,1,3,1,3,1,4,1,3,1,4,1,3,1,3,1,3,1,4,1,3,1,4,1,3,1,0,'2022-07-11 08:46:15',1,'2022-07-11 11:20:16',10),
(302,'JULI','2022',42,54,2,3,1,4,1,3,0,3,0,3,1,4,0,3,0,4,0,3,0,3,0,3,0,4,0,3,0,4,0,3,0,3,0,3,0,4,0,3,0,4,0,3,0,3,0,3,1,4,0,3,0,4,0,3,1,3,0,3,0,4,1,3,0,0,'2022-07-11 08:46:18',1,'2022-07-11 11:20:16',10),
(303,'JULI','2022',42,48,1,3,0,3,0,3,0,4,0,3,0,4,0,3,0,3,0,3,0,4,0,3,0,4,0,3,0,3,0,3,0,4,1,3,1,4,1,3,1,3,1,3,1,4,1,3,1,4,1,3,1,3,1,3,1,4,1,3,1,4,1,3,1,1,'2022-07-11 11:19:56',10,NULL,NULL),
(304,'JULI','2022',42,48,2,3,1,4,1,3,0,3,0,3,0,4,0,3,1,4,0,3,0,3,0,3,0,4,0,3,0,4,0,3,0,3,0,3,0,4,0,3,1,4,0,3,0,3,0,3,0,4,0,3,0,4,0,3,0,3,0,3,1,4,0,3,1,1,'2022-07-11 11:19:59',10,NULL,NULL),
(305,'JULI','2022',42,50,1,3,1,3,1,3,1,4,1,3,1,4,1,3,1,3,1,3,1,4,1,3,1,4,1,3,1,3,1,3,1,4,1,3,1,4,1,3,1,3,1,3,1,4,1,3,1,4,1,3,1,3,1,3,1,4,1,3,1,4,1,3,1,1,'2022-07-11 11:20:01',10,NULL,NULL),
(306,'JULI','2022',42,50,2,3,0,4,0,3,1,3,1,3,1,4,1,3,1,4,0,3,0,3,0,3,0,4,0,3,0,4,0,3,0,3,1,3,1,4,1,3,0,4,1,3,0,3,1,3,1,4,1,3,0,4,0,3,1,3,1,3,1,4,1,3,0,1,'2022-07-11 11:20:03',10,NULL,NULL),
(307,'JULI','2022',42,51,1,3,1,3,0,3,1,4,1,3,1,4,1,3,1,3,1,3,1,4,1,3,1,4,1,3,1,3,1,3,1,4,1,3,1,4,1,3,1,3,1,3,1,4,1,3,1,4,1,3,1,3,1,3,1,4,1,3,1,4,1,3,1,1,'2022-07-11 11:20:05',10,NULL,NULL),
(308,'JULI','2022',42,51,2,3,1,4,1,3,0,3,0,3,0,4,0,3,0,4,0,3,0,3,1,3,1,4,1,3,1,4,0,3,1,3,1,3,1,4,0,3,0,4,0,3,1,3,0,3,0,4,0,3,0,4,0,3,0,3,1,3,1,4,0,3,1,1,'2022-07-11 11:20:08',10,NULL,NULL),
(309,'JULI','2022',42,55,1,3,0,3,1,3,1,4,1,3,1,4,1,3,1,3,1,3,1,4,1,3,1,4,1,3,1,3,1,3,1,4,1,3,1,4,1,3,1,3,1,3,1,4,1,3,1,4,1,3,1,3,1,3,1,4,1,3,1,4,1,3,1,1,'2022-07-11 11:20:09',10,NULL,NULL),
(310,'JULI','2022',42,55,2,3,0,4,1,3,1,3,1,3,0,4,1,3,0,4,0,3,0,3,1,3,1,4,1,3,1,4,0,3,1,3,0,3,0,4,1,3,1,4,1,3,1,3,1,3,0,4,1,3,0,4,0,3,1,3,1,3,0,4,0,3,0,1,'2022-07-11 11:20:11',10,NULL,NULL),
(311,'JULI','2022',42,54,1,3,0,3,1,3,1,4,1,3,1,4,1,3,1,3,1,3,1,4,1,3,1,4,1,3,1,3,1,3,1,4,1,3,1,4,1,3,1,3,1,3,1,4,1,3,1,4,1,3,1,3,1,3,1,4,1,3,1,4,1,3,1,1,'2022-07-11 11:20:13',10,NULL,NULL),
(312,'JULI','2022',42,54,2,3,1,4,1,3,0,3,0,3,1,4,0,3,0,4,0,3,0,3,0,3,0,4,0,3,0,4,0,3,0,3,0,3,0,4,0,3,0,4,0,3,0,3,0,3,1,4,0,3,0,4,0,3,1,3,0,3,0,4,1,3,0,1,'2022-07-11 11:20:16',10,NULL,NULL);

/*Table structure for table `admisecsgp_mstroleusr` */

DROP TABLE IF EXISTS `admisecsgp_mstroleusr`;

CREATE TABLE `admisecsgp_mstroleusr` (
  `id` bigint(11) NOT NULL AUTO_INCREMENT,
  `id_role` varchar(11) NOT NULL,
  `level` varchar(100) NOT NULL,
  `created_at` datetime NOT NULL,
  `created_by` int(10) NOT NULL,
  `updated_at` datetime DEFAULT NULL,
  `updated_by` int(10) DEFAULT NULL,
  `status` tinyint(1) NOT NULL,
  PRIMARY KEY (`id`)
) ENGINE=InnoDB AUTO_INCREMENT=12 DEFAULT CHARSET=latin1;

/*Data for the table `admisecsgp_mstroleusr` */

insert  into `admisecsgp_mstroleusr`(`id`,`id_role`,`level`,`created_at`,`created_by`,`updated_at`,`updated_by`,`status`) values 
(7,'1','SUPERADMIN','2022-04-22 07:56:02',1,NULL,NULL,1),
(8,'2','ADMIN','2022-04-22 07:56:22',1,NULL,NULL,1),
(9,'3','SECURITY','2022-04-22 07:56:33',1,NULL,NULL,1),
(10,'4','SECTION HEAD 1','2022-06-03 03:26:01',1,NULL,NULL,1),
(11,'5','SECTION HEAD 2','2022-06-03 04:34:21',1,NULL,NULL,1);

/*Table structure for table `admisecsgp_mstshift` */

DROP TABLE IF EXISTS `admisecsgp_mstshift`;

CREATE TABLE `admisecsgp_mstshift` (
  `id` bigint(11) NOT NULL AUTO_INCREMENT,
  `nama_shift` varchar(100) NOT NULL,
  `jam_masuk` time NOT NULL,
  `jam_pulang` time NOT NULL,
  `created_at` datetime NOT NULL,
  `created_by` bigint(10) NOT NULL,
  `updated_at` datetime DEFAULT NULL,
  `updated_by` bigint(10) DEFAULT NULL,
  `status` tinyint(1) NOT NULL,
  PRIMARY KEY (`id`),
  KEY `FK_admisecsgp_mstshift` (`created_by`),
  KEY `FK_admisecsgp_mstshift2` (`updated_by`),
  CONSTRAINT `FK_admisecsgp_mstshift` FOREIGN KEY (`created_by`) REFERENCES `admisecsgp_mstusr` (`id`),
  CONSTRAINT `FK_admisecsgp_mstshift2` FOREIGN KEY (`updated_by`) REFERENCES `admisecsgp_mstusr` (`id`)
) ENGINE=InnoDB AUTO_INCREMENT=6 DEFAULT CHARSET=latin1;

/*Data for the table `admisecsgp_mstshift` */

insert  into `admisecsgp_mstshift`(`id`,`nama_shift`,`jam_masuk`,`jam_pulang`,`created_at`,`created_by`,`updated_at`,`updated_by`,`status`) values 
(1,'1','06:30:00','18:29:59','2022-04-18 16:58:10',1,'2022-05-18 08:00:51',1,1),
(2,'2','18:30:00','06:29:59','2022-04-18 16:58:40',1,'2022-05-18 08:01:02',1,1),
(4,'LIBUR','00:00:00','00:00:00','2022-05-23 13:19:54',1,NULL,NULL,1),
(5,'3','23:00:00','07:00:00','2022-05-30 14:24:21',1,'2022-05-31 08:30:08',1,0);

/*Table structure for table `admisecsgp_mstsite` */

DROP TABLE IF EXISTS `admisecsgp_mstsite`;

CREATE TABLE `admisecsgp_mstsite` (
  `id` bigint(20) NOT NULL AUTO_INCREMENT,
  `admisecsgp_mstcmp_id` bigint(11) NOT NULL,
  `site_name` varchar(60) NOT NULL,
  `status` tinyint(1) NOT NULL,
  `others` text DEFAULT NULL,
  `created_at` datetime NOT NULL,
  `created_by` bigint(1) NOT NULL,
  `updated_at` datetime DEFAULT NULL,
  `updated_by` bigint(11) DEFAULT NULL,
  PRIMARY KEY (`id`),
  KEY `admisecsgp_mstcmp_id` (`admisecsgp_mstcmp_id`),
  KEY `FK_admisecsgp_mstuser_id` (`updated_by`),
  KEY `FK_admisecsgp_mstuser_id2` (`created_by`),
  CONSTRAINT `FK_admisecsgp_mstsite` FOREIGN KEY (`admisecsgp_mstcmp_id`) REFERENCES `admisecsgp_mstcmp` (`id`),
  CONSTRAINT `FK_create_by` FOREIGN KEY (`created_by`) REFERENCES `admisecsgp_mstusr` (`id`),
  CONSTRAINT `FK_updated_by` FOREIGN KEY (`updated_by`) REFERENCES `admisecsgp_mstusr` (`id`)
) ENGINE=InnoDB AUTO_INCREMENT=16 DEFAULT CHARSET=latin1;

/*Data for the table `admisecsgp_mstsite` */

insert  into `admisecsgp_mstsite`(`id`,`admisecsgp_mstcmp_id`,`site_name`,`status`,`others`,`created_at`,`created_by`,`updated_at`,`updated_by`) values 
(9,12,'WILAYAH 1',1,'-','2022-04-22 14:41:55',1,'2022-05-12 09:33:25',1),
(11,12,'WILAYAH 4',1,'','2022-05-12 09:29:02',1,'2022-05-22 21:40:58',1),
(15,12,'WILAYAH 2',1,'','2022-07-18 08:38:28',1,NULL,NULL);

/*Table structure for table `admisecsgp_mstusr` */

DROP TABLE IF EXISTS `admisecsgp_mstusr`;

CREATE TABLE `admisecsgp_mstusr` (
  `id` bigint(20) NOT NULL AUTO_INCREMENT,
  `npk` varchar(11) NOT NULL,
  `name` varchar(100) NOT NULL,
  `password` varchar(255) NOT NULL,
  `admisecsgp_mstroleusr_id` bigint(11) NOT NULL,
  `admisecsgp_mstcmp_id` bigint(11) NOT NULL,
  `admisecsgp_mstsite_id` bigint(11) NOT NULL,
  `admisecsgp_mstplant_id` bigint(11) NOT NULL,
  `posisi` varchar(100) DEFAULT NULL,
  `created_at` datetime NOT NULL,
  `created_by` bigint(11) NOT NULL,
  `updated_at` datetime DEFAULT NULL,
  `updated_by` bigint(1) DEFAULT NULL,
  `status` tinyint(1) NOT NULL,
  PRIMARY KEY (`id`),
  KEY `admisecsgp_mstrolusr` (`admisecsgp_mstroleusr_id`),
  KEY `admisecsgp_mstplant` (`admisecsgp_mstplant_id`),
  KEY `admisecsgp_mstsite` (`admisecsgp_mstsite_id`),
  KEY `admisecsgp_mstcomp` (`admisecsgp_mstcmp_id`),
  CONSTRAINT `plant_id` FOREIGN KEY (`admisecsgp_mstplant_id`) REFERENCES `admisecsgp_mstplant` (`id`),
  CONSTRAINT `role_user_id` FOREIGN KEY (`admisecsgp_mstroleusr_id`) REFERENCES `admisecsgp_mstroleusr` (`id`),
  CONSTRAINT `site_id` FOREIGN KEY (`admisecsgp_mstsite_id`) REFERENCES `admisecsgp_mstsite` (`id`)
) ENGINE=InnoDB AUTO_INCREMENT=33 DEFAULT CHARSET=latin1;

/*Data for the table `admisecsgp_mstusr` */

insert  into `admisecsgp_mstusr`(`id`,`npk`,`name`,`password`,`admisecsgp_mstroleusr_id`,`admisecsgp_mstcmp_id`,`admisecsgp_mstsite_id`,`admisecsgp_mstplant_id`,`posisi`,`created_at`,`created_by`,`updated_at`,`updated_by`,`status`) values 
(1,'228572','superadmin','17c4520f6cfd1ab53d8745e84681eb49',7,1,9,41,'PIC','2022-03-17 18:00:00',1,NULL,NULL,1),
(9,'123','admin','caf1a3dfb505ffed0d024130f58c5cfa',8,12,9,43,NULL,'2022-05-23 20:37:33',1,NULL,NULL,1),
(10,'225','ADMIN','21232f297a57a5a743894a0e4a801fc3',8,12,11,42,NULL,'2022-05-25 14:19:11',1,NULL,NULL,1),
(19,'226135','DEDI KURNIA','bbcd2d36eb0e3ff2909d73d83de6c5e8',9,12,11,42,NULL,'2022-05-31 08:21:44',1,NULL,NULL,1),
(20,'226142','RIYANTO','ab04805b598e8695ad09f42c2d3e2856',9,12,11,42,NULL,'2022-05-31 08:22:18',1,NULL,NULL,1),
(21,'226145','DUDUNG ABDUL WAHID','853520262b9bfba3ff914c1d1bbdd197',9,12,11,42,NULL,'2022-05-31 08:22:42',1,NULL,NULL,1),
(22,'226146','EKO AJI PURWANTO','bbe02838780cdeea5d82b475d92d34a2',9,12,11,42,NULL,'2022-05-31 08:23:04',1,NULL,NULL,1),
(23,'225811','UJANG NAZARUDIN','202cb962ac59075b964b07152d234b70',9,12,9,41,NULL,'2022-05-31 08:24:33',1,'2022-07-06 09:47:52',9,0),
(24,'225813','SUPARNO','202cb962ac59075b964b07152d234b70',9,12,9,41,NULL,'2022-05-31 08:26:00',1,NULL,NULL,1),
(25,'225854','NOFIAN RUDIANTO','c880f7b90122638a852f9f9f9c219ced',9,12,9,41,NULL,'2022-05-31 08:26:43',1,NULL,NULL,1),
(26,'225881','VINCENTIUS ASWIN','5327a90150dc09d6b717a12f05385d88',9,12,9,43,NULL,'2022-05-31 08:27:49',1,NULL,NULL,1),
(27,'225929','SURATMAN','f4501ef215efbcfab58236c16573aa18',9,12,9,43,NULL,'2022-05-31 08:28:15',1,NULL,NULL,1),
(28,'225961','ADI USMANTO','0193121fa6ec591c54e92b4363e2336e',9,12,9,43,NULL,'2022-05-31 08:28:44',1,NULL,NULL,1),
(29,'226198','ABD. RAHMAN','9e16c824d9f06109b8123f7da1296c31',9,12,9,43,NULL,'2022-05-31 08:29:03',1,NULL,NULL,1),
(32,'56876','AJI','613e8301788b5a4d73f3da22ead8ac27',8,12,15,45,NULL,'2022-07-18 08:37:04',1,'2022-07-18 08:39:17',1,1);

/*Table structure for table `admisecsgp_mstzone` */

DROP TABLE IF EXISTS `admisecsgp_mstzone`;

CREATE TABLE `admisecsgp_mstzone` (
  `id` bigint(10) NOT NULL AUTO_INCREMENT,
  `zone_name` varchar(60) NOT NULL,
  `kode_zona` varchar(30) NOT NULL,
  `admisecsgp_mstplant_id` bigint(10) NOT NULL,
  `durasi` int(3) NOT NULL,
  `others` text DEFAULT NULL,
  `status` tinyint(1) NOT NULL,
  `created_at` datetime NOT NULL,
  `created_by` bigint(10) NOT NULL,
  `updated_at` datetime DEFAULT NULL,
  `updated_by` bigint(10) DEFAULT NULL,
  PRIMARY KEY (`id`),
  KEY `admisecsgp_mstplant_id` (`admisecsgp_mstplant_id`),
  KEY `admisecsgp_mstusr` (`created_by`),
  KEY `admisecsgp_mstusr2` (`updated_by`),
  CONSTRAINT `FK_admisecsgp_mstusr_id` FOREIGN KEY (`created_by`) REFERENCES `admisecsgp_mstusr` (`id`),
  CONSTRAINT `FK_admisecsgp_mstusr_id2` FOREIGN KEY (`updated_by`) REFERENCES `admisecsgp_mstusr` (`id`),
  CONSTRAINT `FK_admisecsgp_mstzone` FOREIGN KEY (`admisecsgp_mstplant_id`) REFERENCES `admisecsgp_mstplant` (`id`)
) ENGINE=InnoDB AUTO_INCREMENT=73 DEFAULT CHARSET=utf8mb4;

/*Data for the table `admisecsgp_mstzone` */

insert  into `admisecsgp_mstzone`(`id`,`zone_name`,`kode_zona`,`admisecsgp_mstplant_id`,`durasi`,`others`,`status`,`created_at`,`created_by`,`updated_at`,`updated_by`) values 
(48,'FACTORY','ADMP5FAC',42,20,'',1,'2022-04-22 14:50:36',1,'2022-06-03 10:30:06',1),
(50,'OFFICE','ADMP5OFC',42,21,'',1,'2022-04-25 07:56:47',1,'2022-06-03 10:30:13',1),
(51,'PARIMETER','ADMP5PAR',42,10,'-',1,'2022-05-01 09:21:01',1,'2022-06-03 10:30:19',1),
(54,'FASUM','ADMP5FAS',42,24,'',1,'2022-05-22 21:44:16',1,'2022-06-03 10:30:28',1),
(55,'CRITICAL AREA','ADMP5CRI',42,17,'',1,'2022-05-22 21:44:37',1,'2022-07-09 10:16:26',1),
(58,'FACTORY','ADMP4L1FAC',43,15,'',1,'2022-05-23 20:38:52',9,'2022-06-03 10:31:37',1),
(59,'PARIMETER','ADMP4L1PAR',43,7,'',1,'2022-05-25 15:21:25',9,'2022-06-03 10:31:47',1),
(60,'WAREHOUSE','ADMP4L1WHS',43,9,'',1,'2022-05-28 08:46:59',9,'2022-06-03 10:31:11',1),
(61,'FACTORY','ADMP4L2FAC',41,16,'',1,'2022-05-28 09:20:11',9,'2022-06-03 10:29:20',1),
(62,'FASUM','ADMP4L1FAS',43,4,'',1,'2022-05-28 13:31:56',1,'2022-06-03 10:31:29',1),
(64,'CRITICAL AREA','ADMP4L1CRI',43,25,'',1,'2022-05-31 08:03:37',1,'2022-06-03 10:30:56',1),
(65,'OFFICE','ADMP4L1OFC',43,13,'',1,'2022-05-31 08:04:47',1,'2022-06-03 10:30:47',1),
(66,'OFFICE','ADMP4L2OFC',41,24,'',1,'2022-05-31 08:11:17',1,'2022-06-03 10:29:28',1),
(67,'WAREHOUSE','ADMP4L2WHS',41,20,'',1,'2022-05-31 08:11:37',1,'2022-06-03 10:29:35',1),
(68,'PARIMETER','ADMP4L2PAR',41,18,'',1,'2022-05-31 08:11:59',1,'2022-06-03 10:29:43',1),
(69,'FASUM','ADMP4L2FAS',41,24,'',1,'2022-05-31 08:12:24',1,'2022-06-03 10:29:51',1),
(70,'CRITICAL AREA','ADMP4L2CRI',41,18,'',1,'2022-05-31 08:13:07',1,'2022-06-03 10:29:59',1),
(72,'OFFICE','ADMHOOFC',45,32,'',1,'2022-07-12 08:19:49',1,NULL,NULL);

/*Table structure for table `admisecsgp_tr_headers` */

DROP TABLE IF EXISTS `admisecsgp_tr_headers`;

CREATE TABLE `admisecsgp_tr_headers` (
  `id` int(11) NOT NULL AUTO_INCREMENT,
  `date` date NOT NULL,
  `ms_user_id` bigint(15) DEFAULT NULL,
  `ms_shift_id` bigint(15) DEFAULT NULL,
  `ms_zones_id` bigint(15) DEFAULT NULL,
  `is_matched _jpat` tinyint(1) NOT NULL,
  `is_matched_jpr` tinyint(1) NOT NULL,
  `is_diluar_jadwal` tinyint(1) NOT NULL,
  `status` tinyint(1) NOT NULL,
  `created_at` datetime NOT NULL,
  `created_by` bigint(20) NOT NULL,
  `updated_at` datetime DEFAULT NULL,
  `updated_by` bigint(20) DEFAULT NULL,
  PRIMARY KEY (`id`)
) ENGINE=InnoDB DEFAULT CHARSET=latin1;

/*Data for the table `admisecsgp_tr_headers` */

/*!40101 SET SQL_MODE=@OLD_SQL_MODE */;
/*!40014 SET FOREIGN_KEY_CHECKS=@OLD_FOREIGN_KEY_CHECKS */;
/*!40014 SET UNIQUE_CHECKS=@OLD_UNIQUE_CHECKS */;
/*!40111 SET SQL_NOTES=@OLD_SQL_NOTES */;
